PartitionKey,RowKey,Timestamp,Description,Description@type
BodyPart,0,2016-11-27T19:57:40.237Z,INTERNAL,Edm.String
BodyPart,30,2016-11-27T19:57:40.454Z,SHOULDER,Edm.String
BodyPart,31,2016-11-27T19:57:40.669Z,UPPER TRUNK,Edm.String
BodyPart,32,2016-11-27T19:57:40.877Z,ELBOW,Edm.String
BodyPart,33,2016-11-27T19:57:41.079Z,LOWER ARM,Edm.String
BodyPart,34,2016-11-27T19:57:41.304Z,WRIST,Edm.String
BodyPart,35,2016-11-27T19:57:41.588Z,KNEE,Edm.String
BodyPart,36,2016-11-27T19:57:41.813Z,LOWER LEG,Edm.String
BodyPart,37,2016-11-27T19:57:42.035Z,ANKLE,Edm.String
BodyPart,38,2016-11-27T19:57:42.273Z,PUBIC REGION,Edm.String
BodyPart,75,2016-11-27T19:57:42.502Z,HEAD,Edm.String
BodyPart,76,2016-11-27T19:57:42.737Z,FACE,Edm.String
BodyPart,77,2016-11-27T19:57:42.967Z,EYEBALL,Edm.String
BodyPart,79,2016-11-27T19:57:43.195Z,LOWER TRUNK,Edm.String
BodyPart,80,2016-11-27T19:57:43.427Z,UPPER ARM,Edm.String
BodyPart,81,2016-11-27T19:57:43.645Z,UPPER LEG,Edm.String
BodyPart,82,2016-11-27T19:57:43.875Z,HAND,Edm.String
BodyPart,83,2016-11-27T19:57:44.127Z,FOOT,Edm.String
BodyPart,84,2016-11-27T19:57:44.347Z,25-50% OF BODY,Edm.String
BodyPart,85,2016-11-27T19:57:44.564Z,ALL PARTS BODY,Edm.String
BodyPart,87,2016-11-27T19:57:44.797Z,NOT STATED/UNKNOWN,Edm.String
BodyPart,88,2016-11-27T19:57:45.048Z,MOUTH,Edm.String
BodyPart,89,2016-11-27T19:57:45.279Z,NECK,Edm.String
BodyPart,92,2016-11-27T19:57:45.499Z,FINGER,Edm.String
BodyPart,93,2016-11-27T19:57:45.783Z,TOE,Edm.String
BodyPart,94,2016-11-27T19:57:46.017Z,EAR,Edm.String
EventLocale,0,2016-11-27T19:57:56.155Z,UNKNOWN,Edm.String
EventLocale,1,2016-11-27T19:57:56.395Z,HOME,Edm.String
EventLocale,2,2016-11-27T19:57:56.623Z,FARM,Edm.String
EventLocale,3,2016-11-27T19:57:56.847Z,APARTMENT,Edm.String
EventLocale,4,2016-11-27T19:57:57.163Z,STREET,Edm.String
EventLocale,5,2016-11-27T19:57:57.393Z,PUBLIC,Edm.String
EventLocale,6,2016-11-27T19:57:57.636Z,MOBILE/MANUFACTURED HOME,Edm.String
EventLocale,7,2016-11-27T19:57:57.875Z,INDUSTRIAL,Edm.String
EventLocale,8,2016-11-27T19:57:58.104Z,SCHOOL,Edm.String
EventLocale,9,2016-11-27T19:57:58.332Z,SPORTS,Edm.String
Fire,0,2016-11-27T19:57:55.201Z,NO FIRE,Edm.String
Fire,1,2016-11-27T19:57:55.434Z,FIRE DEPARTMENT ATTENDED,Edm.String
Fire,2,2016-11-27T19:57:55.666Z,FIRE DEPARTMENT DID NOT ATTEND,Edm.String
Fire,3,2016-11-27T19:57:55.913Z,UNKNOWN IF FIRE DEPT. ATTENDED,Edm.String
Gender,0,2016-11-27T19:57:58.564Z,UNKNOWN,Edm.String
Gender,1,2016-11-27T19:57:58.793Z,MALE,Edm.String
Gender,2,2016-11-27T19:57:59.011Z,FEMALE,Edm.String
InjuryDiagnonis,41,2016-11-27T19:57:46.241Z,INGESTION,Edm.String
InjuryDiagnonis,42,2016-11-27T19:57:46.475Z,ASPIRATION,Edm.String
InjuryDiagnonis,46,2016-11-27T19:57:46.701Z,BURN, ELECTRICAL,Edm.String
InjuryDiagnonis,47,2016-11-27T19:57:46.915Z,BURN, NOT SPECIFIED,Edm.String
InjuryDiagnonis,48,2016-11-27T19:57:47.148Z,BURN, SCALD,Edm.String
InjuryDiagnonis,49,2016-11-27T19:57:47.373Z,BURN, CHEMICAL,Edm.String
InjuryDiagnonis,50,2016-11-27T19:57:47.604Z,AMPUTATION,Edm.String
InjuryDiagnonis,51,2016-11-27T19:57:47.916Z,BURNS, THERMAL,Edm.String
InjuryDiagnonis,52,2016-11-27T19:57:48.165Z,CONCUSSION,Edm.String
InjuryDiagnonis,53,2016-11-27T19:57:48.405Z,CONTUSIONS, ABRASION,Edm.String
InjuryDiagnonis,54,2016-11-27T19:57:48.631Z,CRUSHING,Edm.String
InjuryDiagnonis,55,2016-11-27T19:57:48.892Z,DISLOCATION,Edm.String
InjuryDiagnonis,56,2016-11-27T19:57:49.123Z,FOREIGN BODY,Edm.String
InjuryDiagnonis,57,2016-11-27T19:57:49.353Z,FRACTURE,Edm.String
InjuryDiagnonis,58,2016-11-27T19:57:49.566Z,HEMATOMA,Edm.String
InjuryDiagnonis,59,2016-11-27T19:57:49.797Z,LACERATION,Edm.String
InjuryDiagnonis,60,2016-11-27T19:57:50.033Z,DENTAL INJURY,Edm.String
InjuryDiagnonis,61,2016-11-27T19:57:50.273Z,NERVE DAMAGE,Edm.String
InjuryDiagnonis,62,2016-11-27T19:57:50.503Z,INTERNAL INJURY,Edm.String
InjuryDiagnonis,63,2016-11-27T19:57:50.751Z,PUNCTURE,Edm.String
InjuryDiagnonis,64,2016-11-27T19:57:50.982Z,STRAIN, SPRAIN,Edm.String
InjuryDiagnonis,65,2016-11-27T19:57:51.206Z,ANOXIA,Edm.String
InjuryDiagnonis,66,2016-11-27T19:57:51.425Z,HEMORRHAGE,Edm.String
InjuryDiagnonis,67,2016-11-27T19:57:51.661Z,ELECTRIC SHOCK,Edm.String
InjuryDiagnonis,68,2016-11-27T19:57:51.893Z,POISONING,Edm.String
InjuryDiagnonis,69,2016-11-27T19:57:52.135Z,SUBMERSION,Edm.String
InjuryDiagnonis,70,2016-11-27T19:57:52.383Z,NOT STATED OR UNKNOWN,Edm.String
InjuryDiagnonis,71,2016-11-27T19:57:52.625Z,OTHER,Edm.String
InjuryDiagnonis,72,2016-11-27T19:57:52.853Z,AVULSION,Edm.String
InjuryDiagnonis,73,2016-11-27T19:57:53.082Z,RADIATION,Edm.String
InjuryDiagnonis,74,2016-11-27T19:57:53.315Z,DERMATITIS/CONJUNCTIVITIS,Edm.String
InjuryDisposition,1,2016-11-27T19:57:53.543Z,TREATED AND RELEASED,Edm.String
InjuryDisposition,2,2016-11-27T19:57:53.777Z,TRANSFERRED,Edm.String
InjuryDisposition,4,2016-11-27T19:57:53.996Z,HOSPITALIZED,Edm.String
InjuryDisposition,5,2016-11-27T19:57:54.237Z,HELD FOR OBSERVATION,Edm.String
InjuryDisposition,6,2016-11-27T19:57:54.509Z,LEFT WITHOUT TREATMENT,Edm.String
InjuryDisposition,8,2016-11-27T19:57:54.739Z,DOA/DIED IN ER,Edm.String
InjuryDisposition,9,2016-11-27T19:57:54.963Z,UNKNOWN,Edm.String
Product,101,2016-11-27T19:58:00.205Z,WASHING MACHINES WITHOUT WRINGERS OR OTHER DRYERS,Edm.String
Product,102,2016-11-27T19:58:00.424Z,WRINGER WASHING MACHINES,Edm.String
Product,1023,2016-11-27T19:59:33.283Z,FERTILIZERS, NOT SPECIFIED,Edm.String
Product,103,2016-11-27T19:58:00.657Z,WASHING MACHINES WITH UNHEATED SPIN DRYERS,Edm.String
Product,1053,2016-11-27T19:59:33.501Z,FERTILIZERS AND OTHER CHEMICALS FOR OUTDOOR USE,Edm.String
Product,106,2016-11-27T19:58:00.899Z,ELECTRIC CLOTHES DRYERS WITHOUT WASHERS,Edm.String
Product,1062,2016-11-27T19:59:33.804Z,TRACTORS, OTHER OR NOT SPECIFIED, N.O.S.,Edm.String
Product,107,2016-11-27T19:58:01.128Z,GAS CLOTHES DRYERS WITHOUT WASHERS,Edm.String
Product,108,2016-11-27T19:58:01.349Z,MANGLE IRONS,Edm.String
Product,110,2016-11-27T19:58:01.579Z,ELECTRIC HEATING PADS,Edm.String
Product,1102,2016-11-27T19:59:34.025Z,VACUUM CONTAINERS,Edm.String
Product,1103,2016-11-27T19:59:34.311Z,SELF-CONTAINED OPENERS,Edm.String
Product,1107,2016-11-27T19:59:34.523Z,OTHER CONTAINERS,Edm.String
Product,1112,2016-11-27T19:59:34.753Z,METAL CONTAINERS,Edm.String
Product,1114,2016-11-27T19:59:34.981Z,CARDBOARD PRODUCTS,Edm.String
Product,1116,2016-11-27T19:59:35.207Z,CONTAINERS WITH KEY OPENERS,Edm.String
Product,112,2016-11-27T19:58:01.815Z,SEWING MACHINES OR ACCESSORIES,Edm.String
Product,1120,2016-11-27T19:59:35.431Z,GLASS SOFT DRINK BOTTLES,Edm.String
Product,1122,2016-11-27T19:59:35.647Z,GLASS ALCOHOLIC BEVERAGE BOTTLES,Edm.String
Product,1123,2016-11-27T19:59:35.871Z,PLASTIC CONTAINERS (RIGID OR SEMI-RIGID),Edm.String
Product,1124,2016-11-27T19:59:36.105Z,GLASS TUBING OR TEST TUBES,Edm.String
Product,1125,2016-11-27T19:59:36.335Z,WOODEN CONTAINERS,Edm.String
Product,1127,2016-11-27T19:59:36.560Z,NONGLASS BOTTLES OR JARS,Edm.String
Product,1128,2016-11-27T19:59:36.767Z,PAPER BAGS,Edm.String
Product,113,2016-11-27T19:58:02.037Z,FLOOR BUFFERS OR WAXERS,Edm.String
Product,1130,2016-11-27T19:59:36.995Z,PLASTIC BAGS,Edm.String
Product,1131,2016-11-27T19:59:37.223Z,PLASTIC WRAPPING PRODUCTS,Edm.String
Product,1132,2016-11-27T19:59:37.437Z,PLASTIC PRODUCTS, NOT SPECIFIED,Edm.String
Product,1133,2016-11-27T19:59:37.670Z,AEROSOL CONTAINERS,Edm.String
Product,1134,2016-11-27T19:59:37.901Z,OTHER GLASS BOTTLES OR JARS,Edm.String
Product,1135,2016-11-27T19:59:38.133Z,BOTTLES OR JARS, NOT SPECIFIED,Edm.String
Product,1136,2016-11-27T19:59:38.375Z,CANNING JARS OR LIDS,Edm.String
Product,1137,2016-11-27T19:59:38.595Z,PAPER PRODUCTS,Edm.String
Product,1138,2016-11-27T19:59:38.813Z,PRESSURIZED CONTAINERS (NONAEROSOL),Edm.String
Product,1139,2016-11-27T19:59:39.031Z,ALUMINUM FOIL WRAPPING PRODUCTS,Edm.String
Product,114,2016-11-27T19:58:02.257Z,RUG SHAMPOOERS,Edm.String
Product,1140,2016-11-27T19:59:39.259Z,GLASS BOTTLES OR JARS, NOT SPECIFIED,Edm.String
Product,1141,2016-11-27T19:59:39.475Z,CONTAINERS, NOT SPECIFIED,Edm.String
Product,1142,2016-11-27T19:59:39.698Z,BAGS (EXCLUDING PAPER OR PLASTIC BAGS)  ,Edm.String
Product,1143,2016-11-27T19:59:39.930Z,BUCKETS OR PAILS,Edm.String
Product,1144,2016-11-27T19:59:40.171Z,BAGS, NOT ELSEWHERE CLASSIFIED,Edm.String
Product,1145,2016-11-27T19:59:40.387Z,OTHER SPECIFIED PLASTIC PRODUCTS        ,Edm.String
Product,115,2016-11-27T19:58:02.479Z,VACUUM CLEANERS,Edm.String
Product,116,2016-11-27T19:58:02.727Z,ELECTRIC BROOMS,Edm.String
Product,118,2016-11-27T19:58:02.993Z,GAS WATER HEATERS,Edm.String
Product,119,2016-11-27T19:58:03.234Z,ELECTRIC WATER HEATERS,Edm.String
Product,1200,2016-11-27T19:59:40.612Z,SPORTS AND RECREATIONAL ACTIVITY, N.E.C.,Edm.String
Product,1202,2016-11-27T19:59:40.832Z,BICYCLES OR ACCESSORIES                 ,Edm.String
Product,1205,2016-11-27T19:59:41.053Z,BASKETBALL, ACTIVITY AND RELATED EQUIPMENT,Edm.String
Product,1206,2016-11-27T19:59:41.307Z,BOWLING (ACTIVITY, APPAREL OR EQUIPMENT),Edm.String
Product,1207,2016-11-27T19:59:41.538Z,BOXING (ACTIVITY, APPAREL OR EQUIPMENT),Edm.String
Product,1208,2016-11-27T19:59:41.769Z,CROQUET (ACTIVITY, APPAREL OR EQUIPMENT),Edm.String
Product,1211,2016-11-27T19:59:42.029Z,FOOTBALL (ACTIVITY, APPAREL OR EQUIPMENT),Edm.String
Product,1212,2016-11-27T19:59:42.263Z,GOLF (ACTIVITY, APPAREL OR EQUIPMENT),Edm.String
Product,1213,2016-11-27T19:59:42.491Z,GOLF CARTS,Edm.String
Product,1215,2016-11-27T19:59:42.712Z,LACROSSE (ACTIVITY, APPAREL OR EQUIPMENT),Edm.String
Product,1217,2016-11-27T19:59:43.020Z,SLEDS,Edm.String
Product,1232,2016-11-27T19:59:43.240Z,ELECTRIC CHARCOAL LIGHTERS              ,Edm.String
Product,1233,2016-11-27T19:59:43.479Z,TRAMPOLINES,Edm.String
Product,1234,2016-11-27T19:59:43.739Z,TREEHOUSES OR PLAYHOUSES,Edm.String
Product,1235,2016-11-27T19:59:43.967Z,ARCHERY (ACTIVITY, APPAREL OR EQUIPMENT),Edm.String
Product,1237,2016-11-27T19:59:44.188Z,GAS, AIR OR SPRING-OPERATED GUNS,Edm.String
Product,1239,2016-11-27T19:59:44.412Z,HORSEBACK RIDING (ACTIVITY, APPAREL OR EQUIPMENT),Edm.String
Product,1240,2016-11-27T19:59:44.634Z,AQUARIUMS OR ACCESSORIES,Edm.String
Product,1242,2016-11-27T19:59:44.855Z,SLIDES OR SLIDING BOARDS,Edm.String
Product,1243,2016-11-27T19:59:45.076Z,SEE-SAWS OR TEETER BOARDS,Edm.String
Product,1244,2016-11-27T19:59:45.347Z,MONKEY BARS OR OTHER PLAYGROUND CLIMBING APPARATUS,Edm.String
Product,1246,2016-11-27T19:59:45.573Z,WADING POOLS,Edm.String
Product,1247,2016-11-27T19:59:45.805Z,FUEL CHARCOAL LIGHTERS                  ,Edm.String
Product,125,2016-11-27T19:58:03.465Z,WATER SOFTENERS OR CONDITIONERS (APPLIANCES),Edm.String
Product,1255,2016-11-27T19:59:46.053Z,ALCOHOL-FUELED HEATERS,Edm.String
Product,1257,2016-11-27T19:59:46.283Z,HORSESHOES (ACTIVITY, APPAREL OR EQUIPMENT),Edm.String
Product,1258,2016-11-27T19:59:46.501Z,MOUNTAIN CLIMBING (ACTIVITY, APPAREL OR EQUIPMENT),Edm.String
Product,126,2016-11-27T19:58:03.694Z,WASHING MACHINES, NOT SPECIFIED,Edm.String
Product,1260,2016-11-27T19:59:46.722Z,BILLIARDS OR POOL (ACTIVITY, APPAREL OR EQUIPMENT),Edm.String
Product,1261,2016-11-27T19:59:46.943Z,SURFING (ACTIVITY, APPAREL OR EQUIPMENT),Edm.String
Product,1264,2016-11-27T19:59:47.165Z,WATER SKIING (ACTIVITY, APPAREL OR EQUIPMENT),Edm.String
Product,1266,2016-11-27T19:59:47.399Z,VOLLEYBALL (ACTIVITY, APPAREL OR EQUIPMENT),Edm.String
Product,1267,2016-11-27T19:59:47.641Z,SOCCER (ACTIVITY, APPAREL OR EQUIPMENT),Edm.String
Product,1268,2016-11-27T19:59:47.859Z,TRACK AND FIELD (ACTIVITY, APPAREL OR EQ,Edm.String
Product,1269,2016-11-27T19:59:48.113Z,TABLE TENNIS (ACTIVITY, APPAREL OR EQUIPMENT),Edm.String
Product,127,2016-11-27T19:58:03.924Z,CLOTHES DRYERS, NOT SPECIFIED,Edm.String
Product,1270,2016-11-27T19:59:48.409Z,WRESTLING (ACTIVITY, APPAREL OR EQUIPMENT),Edm.String
Product,1271,2016-11-27T19:59:48.639Z,BATONS,Edm.String
Product,1272,2016-11-27T19:59:48.871Z,GYMNASTICS AND ASSOCIATED EQUIPMENT,Edm.String
Product,1273,2016-11-27T19:59:49.110Z,TOBOGGANS,Edm.String
Product,1274,2016-11-27T19:59:49.340Z,SNOW DISKS,Edm.String
Product,1275,2016-11-27T19:59:49.571Z,SCUBA DIVING (ACTIVITY, APPAREL OR EQUIPMENT),Edm.String
Product,1276,2016-11-27T19:59:49.829Z,TETHERBALL (ACTIVITY, APPAREL OR EQUIPMENT),Edm.String
Product,1277,2016-11-27T19:59:50.098Z,SWIMMING POOL SLIDES,Edm.String
Product,1278,2016-11-27T19:59:50.326Z,DIVING OR DIVING BOARDS,Edm.String
Product,1279,2016-11-27T19:59:50.568Z,ICE HOCKEY (ACTIVITY, APPAREL OR EQUIPMENT),Edm.String
Product,1282,2016-11-27T19:59:50.801Z,HANDBALL (ACTIVITY, APPAREL OR EQUIPMENT),Edm.String
Product,1283,2016-11-27T19:59:51.016Z,UNICYCLES,Edm.String
Product,1284,2016-11-27T19:59:51.248Z,SWIMMING POOLS, NOT SPECIFIED,Edm.String
Product,1285,2016-11-27T19:59:51.469Z,CHARCOAL LIGHTERS, NOT SPECIFIED        ,Edm.String
Product,1290,2016-11-27T19:59:51.699Z,SNOWMOBILES (ACTIVITY, APPAREL OR EQUIPMENT),Edm.String
Product,1293,2016-11-27T19:59:51.963Z,AMUSEMENT ATTRACTIONS (INCLUDING RIDES),Edm.String
Product,1294,2016-11-27T19:59:52.183Z,BLEACHERS,Edm.String
Product,1295,2016-11-27T19:59:52.426Z,FIELD HOCKEY (ACTIVITY, APPAREL OR EQUIPMENT),Edm.String
Product,1299,2016-11-27T19:59:52.659Z,SNOW TUBING (ACTIVITY, APPAREL OR EQUIPMENT),Edm.String
Product,1301,2016-11-27T19:59:52.889Z,TRICYCLES,Edm.String
Product,1306,2016-11-27T19:59:53.121Z,GASOLINE- OR OTHER FUEL-POWERED MODELS,Edm.String
Product,1309,2016-11-27T19:59:53.346Z,KITES OR KITE STRING,Edm.String
Product,131,2016-11-27T19:58:04.160Z,PROPANE, LP OR BUTANE GAS TANKS OR FITTINGS,Edm.String
Product,1310,2016-11-27T19:59:53.570Z,POGO STICKS,Edm.String
Product,1313,2016-11-27T19:59:53.797Z,FIREWORKS,Edm.String
Product,1314,2016-11-27T19:59:54.017Z,ROCKETRY SETS,Edm.String
Product,1317,2016-11-27T19:59:54.235Z,FLYING TOYS,Edm.String
Product,1318,2016-11-27T19:59:54.459Z,UNPOWERED MODELS OR PARTS,Edm.String
Product,1319,2016-11-27T19:59:54.688Z,METAL OR PLASTIC MOLDING SETS,Edm.String
Product,132,2016-11-27T19:58:04.399Z,ELECTRIC BLANKETS OR SHEETS,Edm.String
Product,1322,2016-11-27T19:59:54.919Z,CHILDRENS PLAY TENTS, PLAY TUNNELS OR OTHER ENCLOSURES,Edm.String
Product,1325,2016-11-27T19:59:55.152Z,INFLATABLE TOYS,Edm.String
Product,1326,2016-11-27T19:59:55.369Z,BLOCKS, STACKING TOYS OR PULL TOYS,Edm.String
Product,1327,2016-11-27T19:59:55.599Z,NONWHEELED RIDING TOYS, UNPOWERED,Edm.String
Product,1328,2016-11-27T19:59:55.829Z,WAGONS (CHILDRENS),Edm.String
Product,1329,2016-11-27T19:59:56.063Z,SCOOTERS, UNPOWERED,Edm.String
Product,133,2016-11-27T19:58:04.643Z,OTHER WATER HEATERS,Edm.String
Product,1330,2016-11-27T19:59:56.283Z,POWERED RIDING TOYS,Edm.String
Product,1332,2016-11-27T19:59:56.509Z,ELECTRIC TRAINS OR ACCESSORIES,Edm.String
Product,1333,2016-11-27T19:59:56.731Z,SKATEBOARDS,Edm.String
Product,1334,2016-11-27T19:59:56.961Z,ELECTRIC TOY OVENS,Edm.String
Product,1335,2016-11-27T19:59:57.171Z,ELECTRIC TOY IRONS,Edm.String
Product,1338,2016-11-27T19:59:57.466Z,TOY BOWS OR ARROWS,Edm.String
Product,134,2016-11-27T19:58:05.799Z,WATER HEATERS, NOT SPECIFIED,Edm.String
Product,1342,2016-11-27T19:59:57.688Z,COSTUMES OR MASKS,Edm.String
Product,1344,2016-11-27T19:59:57.932Z,TOY MUSICAL INSTRUMENTS,Edm.String
Product,1345,2016-11-27T19:59:58.155Z,BUILDING SETS,Edm.String
Product,1346,2016-11-27T19:59:58.383Z,CLACKER BALLS,Edm.String
Product,1347,2016-11-27T19:59:58.620Z,BALLOONS (TOY),Edm.String
Product,1349,2016-11-27T19:59:58.876Z,STILTS,Edm.String
Product,135,2016-11-27T19:58:06.205Z,WASHER-DRYER COMBINATIONS (WITHIN ONE FRAME),Edm.String
Product,1350,2016-11-27T19:59:59.119Z,SQUEEZE OR SQUEAKER TOYS,Edm.String
Product,1352,2016-11-27T19:59:59.413Z,SLINGSHOTS OR SLING-PROPELLED TOYS,Edm.String
Product,1353,2016-11-27T19:59:59.643Z,TOY BOXES OR CHESTS,Edm.String
Product,1354,2016-11-27T19:59:59.870Z,MARBLES,Edm.String
Product,1356,2016-11-27T20:00:00.113Z,ENGINE FUELS FOR MODELS,Edm.String
Product,136,2016-11-27T19:58:06.661Z,DRINKING FOUNTAINS,Edm.String
Product,1362,2016-11-27T20:00:00.333Z,WOODBURNING KITS,Edm.String
Product,1365,2016-11-27T20:00:00.561Z,WATER TOYS,Edm.String
Product,137,2016-11-27T19:58:07.204Z,AUTOMATIC DOORS OR DOOR OPENERS,Edm.String
Product,1376,2016-11-27T20:00:00.800Z,MOLDING COMPOUNDS,Edm.String
Product,138,2016-11-27T19:58:07.438Z,AUTOMATIC GARAGE DOORS OR DOOR OPENERS,Edm.String
Product,1381,2016-11-27T20:00:01.054Z,TOYS, NOT ELSEWHERE CLASSIFIED,Edm.String
Product,1383,2016-11-27T20:00:01.283Z,ELECTRIC TOY RACING CARS OR ACCESSORIES,Edm.String
Product,1389,2016-11-27T20:00:01.501Z,OTHER TOY WEAPONS (NONPROJECTILE),Edm.String
Product,139,2016-11-27T19:58:07.673Z,INCINERATORS,Edm.String
Product,1390,2016-11-27T20:00:01.719Z,TOY GUNS, NOT SPECIFIED,Edm.String
Product,1392,2016-11-27T20:00:01.962Z,TOY SPORTS EQUIPMENT,Edm.String
Product,1393,2016-11-27T20:00:02.188Z,CHEMISTRY SETS OR SCIENCE KITS,Edm.String
Product,1394,2016-11-27T20:00:02.415Z,DOLLS, PLUSH TOYS, AND ACTION FIGURES,Edm.String
Product,1395,2016-11-27T20:00:02.653Z,TOYS, NOT SPECIFIED,Edm.String
Product,1398,2016-11-27T20:00:02.893Z,WHEELED RIDING TOYS, UNPOWERED,Edm.String
Product,1399,2016-11-27T20:00:03.185Z,TOY GUNS WITH PROJECTILES,Edm.String
Product,140,2016-11-27T19:58:07.897Z,WASHING MACHINES, OTHER OR NOT SPECIFIED,Edm.String
Product,1401,2016-11-27T20:00:03.490Z,POWER LAWN MOWERS, NOT SPECIFIED,Edm.String
Product,1402,2016-11-27T20:00:03.721Z,HAND LAWN MOWERS,Edm.String
Product,1403,2016-11-27T20:00:03.951Z,OTHER UNPOWERED GARDEN TOOLS,Edm.String
Product,1404,2016-11-27T20:00:04.211Z,POWER LAWN TRIMMERS OR EDGERS           ,Edm.String
Product,1405,2016-11-27T20:00:04.441Z,GARDEN TRACTORS,Edm.String
Product,1406,2016-11-27T20:00:04.662Z,SNOW THROWERS, BLOWERS                  ,Edm.String
Product,1407,2016-11-27T20:00:04.888Z,GARDEN SPRAYERS,Edm.String
Product,1408,2016-11-27T20:00:05.128Z,POWER TILLERS OR CULTIVATORS,Edm.String
Product,1409,2016-11-27T20:00:05.360Z,OTHER POWER GARDEN TOOLS,Edm.String
Product,1411,2016-11-27T20:00:05.593Z,CHAIN SAWS,Edm.String
Product,1413,2016-11-27T20:00:05.827Z,GREENHOUSE OR GARDENING SUPPLIES,Edm.String
Product,1414,2016-11-27T20:00:06.061Z,GARDEN HOSES, NOZZLES OR SPRINKLERS,Edm.String
Product,1415,2016-11-27T20:00:06.293Z,MANUAL SNOW OR ICE REMOVAL TOOLS,Edm.String
Product,1417,2016-11-27T20:00:06.549Z,DECORATIVE YARD EQUIPMENT,Edm.String
Product,1422,2016-11-27T20:00:06.781Z,RIDING POWER LAWN MOWERS,Edm.String
Product,1425,2016-11-27T20:00:07.003Z,WHEELBARROWS OR LAWN CARTS,Edm.String
Product,1426,2016-11-27T20:00:07.228Z,HATCHETS OR AXES,Edm.String
Product,1427,2016-11-27T20:00:07.451Z,POWER HEDGE TRIMMERS,Edm.String
Product,1430,2016-11-27T20:00:07.711Z,SEED AND FERTILIZER SPREADERS,Edm.String
Product,1431,2016-11-27T20:00:07.953Z,GRASS AND LEAF CATCHERS (ATTACHMENTS FOR LAWN MOWERS),Edm.String
Product,1432,2016-11-27T20:00:08.180Z,ANIMAL TRAPS,Edm.String
Product,1433,2016-11-27T20:00:08.431Z,POWER LEAF MULCHERS AND GRINDERS,Edm.String
Product,1434,2016-11-27T20:00:08.669Z,SNOW THROWERS OR BLOWERS (ATTACHMENTS FOR LAWN MOWERS),Edm.String
Product,1435,2016-11-27T20:00:08.893Z,SNOW PLOWS,Edm.String
Product,1439,2016-11-27T20:00:09.121Z,LAWN MOWERS, NOT SPECIFIED,Edm.String
Product,1441,2016-11-27T20:00:09.345Z,LAWN VACUUMS,Edm.String
Product,1445,2016-11-27T20:00:09.597Z,PLANT FOODS OR FERTILIZERS FOR POTTED PLANTS,Edm.String
Product,1446,2016-11-27T20:00:09.857Z,REEL POWER LAWN MOWERS,Edm.String
Product,1447,2016-11-27T20:00:10.087Z,PRUNING OR TRIMMING EQUIPMENT, NOT SPECIFIED,Edm.String
Product,1448,2016-11-27T20:00:10.317Z,ROTARY POWER LAWN MOWERS,Edm.String
Product,1449,2016-11-27T20:00:10.541Z,MANUAL HEDGE TRIMMERS,Edm.String
Product,1450,2016-11-27T20:00:10.771Z,MANUAL LAWN TRIMMERS OR EDGERS,Edm.String
Product,1451,2016-11-27T20:00:11.095Z,SEEDS                                   ,Edm.String
Product,1452,2016-11-27T20:00:11.309Z,OUTDOOR ELECTRIC LIGHTING EQUIPMENT,Edm.String
Product,1453,2016-11-27T20:00:11.582Z,OTHER MANUAL PRUNING OR TRIMMING EQUIPMENT,Edm.String
Product,1454,2016-11-27T20:00:11.797Z,OTHER POWER PRUNING OR TRIMMING EQUIPMENT,Edm.String
Product,1455,2016-11-27T20:00:12.019Z,MANUAL PRUNING OR TRIMMING EQUIPMENT, NOT SPECIFIED,Edm.String
Product,1456,2016-11-27T20:00:12.279Z,POWER PRUNING OR TRIMMING EQUIPMENT, NOT SPECIFIED,Edm.String
Product,1457,2016-11-27T20:00:12.500Z,LOG SPLITTERS,Edm.String
Product,1458,2016-11-27T20:00:12.749Z,SNOW THROWERS OR BLOWERS (SELF-CONTAINED UNITS),Edm.String
Product,1459,2016-11-27T20:00:12.979Z,SNOW THROWERS OR BLOWERS, NOT SPECIFIED,Edm.String
Product,1460,2016-11-27T20:00:13.221Z,ELECTRIC INSECT TRAPS,Edm.String
Product,1461,2016-11-27T20:00:13.437Z,LEAF BLOWERS,Edm.String
Product,1462,2016-11-27T20:00:13.667Z,PUMPS, NOT ELSEWHERE CLASSIFIED,Edm.String
Product,1463,2016-11-27T20:00:13.906Z,BRUSHCUTTERS, POWERED,Edm.String
Product,1464,2016-11-27T20:00:14.145Z,LAWN TRIMMERS OR EDGERS, POWERED (EXCL. BRUSHCUTTERS),Edm.String
Product,1465,2016-11-27T20:00:14.395Z,DECORATIVE YARD EQUIPMENT, EXCL WATER FEATURES,Edm.String
Product,1466,2016-11-27T20:00:14.752Z,DECORATIVE WATER FEATURES, INCL MAN-MADE PONDS & FOUNTAINS,Edm.String
Product,1502,2016-11-27T20:00:15.042Z,BABY CHANGING TABLES,Edm.String
Product,1505,2016-11-27T20:00:15.259Z,BABY CARRIAGES,Edm.String
Product,1506,2016-11-27T20:00:15.489Z,BABY GATES OR BARRIERS,Edm.String
Product,1508,2016-11-27T20:00:15.758Z,BABY WALKERS OR JUMPERS,Edm.String
Product,1509,2016-11-27T20:00:15.981Z,BABY BOTTLES OR NIPPLES,Edm.String
Product,1510,2016-11-27T20:00:16.201Z,BOTTLE WARMERS,Edm.String
Product,1511,2016-11-27T20:00:16.433Z,STERILIZERS (HOME USE),Edm.String
Product,1512,2016-11-27T20:00:16.662Z,DIAPERS,Edm.String
Product,1513,2016-11-27T20:00:16.919Z,PLAYPENS,Edm.String
Product,1515,2016-11-27T20:00:17.155Z,BABY SCALES,Edm.String
Product,1517,2016-11-27T20:00:17.388Z,BABY RATTLES,Edm.String
Product,1518,2016-11-27T20:00:17.611Z,YOUTH CHAIRS,Edm.String
Product,1519,2016-11-27T20:00:17.860Z,CAR SEATS (FOR INFANTS OR CHILDREN),Edm.String
Product,1520,2016-11-27T20:00:18.112Z,BABY EXERCISERS,Edm.String
Product,1522,2016-11-27T20:00:18.358Z,BABY STROLLERS,Edm.String
Product,1524,2016-11-27T20:00:18.601Z,BABY HARNESSES,Edm.String
Product,1525,2016-11-27T20:00:18.849Z,PACIFIERS OR TEETHING RINGS,Edm.String
Product,1526,2016-11-27T20:00:19.070Z,CRIB MOBILES OR CRIB GYMS,Edm.String
Product,1527,2016-11-27T20:00:19.313Z,BABY CARRIERS OR SLINGS (BACKPACKS),Edm.String
Product,1528,2016-11-27T20:00:19.551Z,DIAPER PAILS,Edm.String
Product,1529,2016-11-27T20:00:19.783Z,PORTABLE CRIBS,Edm.String
Product,1531,2016-11-27T20:00:20.049Z,BABY CARRIERS (BICYCLE-MOUNTED),Edm.String
Product,1533,2016-11-27T20:00:20.283Z,NIGHT-LIGHTS,Edm.String
Product,1534,2016-11-27T20:00:20.650Z,CAR BEDS FOR INFANTS,Edm.String
Product,1535,2016-11-27T20:00:21.039Z,POTTY CHAIRS OR TRAINING SEATS,Edm.String
Product,1536,2016-11-27T20:00:21.340Z,CRIB EXTENDER RAILS OR YOUTH BED RAILS,Edm.String
Product,1537,2016-11-27T20:00:21.594Z,BASSINETS OR CRADLES,Edm.String
Product,1539,2016-11-27T20:00:21.823Z,SHOELACE FASTENERS (FOR INFANTS),Edm.String
Product,1542,2016-11-27T20:00:22.099Z,BABY MATTRESSES OR PADS,Edm.String
Product,1543,2016-11-27T20:00:22.412Z,CRIBS,Edm.String
Product,1544,2016-11-27T20:00:22.650Z,BABY BATHS OR BATHINETTES,Edm.String
Product,1545,2016-11-27T20:00:22.877Z,CRIBS, NOT SPECIFIED,Edm.String
Product,1548,2016-11-27T20:00:23.118Z,BABY CARRIERS, NOT SPECIFIED,Edm.String
Product,1549,2016-11-27T20:00:23.342Z,OTHER BABY CARRIERS,Edm.String
Product,1550,2016-11-27T20:00:23.563Z,INFANT & TODDLER PLAY CTRS, EXCL JUMPERS,BOUNCERS&EXERCISERS,Edm.String
Product,1551,2016-11-27T20:00:23.791Z,DIAPER FASTENERS,Edm.String
Product,1553,2016-11-27T20:00:24.021Z,PORTABLE BABY SWINGS (FOR HOME USE),Edm.String
Product,1554,2016-11-27T20:00:24.259Z,SAFETY PINS,Edm.String
Product,1555,2016-11-27T20:00:24.479Z,HIGH CHAIRS,Edm.String
Product,1556,2016-11-27T20:00:24.701Z,ATTACHED HIGHCHAIR,Edm.String
Product,1557,2016-11-27T20:00:24.923Z,BABY BATHTUB SEATS FOR RINGS (NOT TOYS),Edm.String
Product,1558,2016-11-27T20:00:25.152Z,BABY BOUNCER SEATS (EXCL. JUMPERS),Edm.String
Product,1602,2016-11-27T20:00:25.388Z,HAIR DRYERS,Edm.String
Product,1604,2016-11-27T20:00:25.751Z,CIGARETTE OR PIPE LIGHTERS,Edm.String
Product,1605,2016-11-27T20:00:25.969Z,WIGS, FALLS OR HAIRPIECES,Edm.String
Product,1606,2016-11-27T20:00:26.231Z,EYEGLASSES,Edm.String
Product,1607,2016-11-27T20:00:26.461Z,EYE PROTECTION DEVICES,Edm.String
Product,1608,2016-11-27T20:00:26.681Z,POWERED TOOTHBRUSHES OR ORAL IRRIGATORS,Edm.String
Product,1609,2016-11-27T20:00:26.909Z,SUN LAMPS,Edm.String
Product,1610,2016-11-27T20:00:27.137Z,MASSAGE DEVICES OR VIBRATORS,Edm.String
Product,1612,2016-11-27T20:00:27.359Z,SAUNAS,Edm.String
Product,1613,2016-11-27T20:00:27.591Z,ELECTRIC SHOE POLISHERS,Edm.String
Product,1615,2016-11-27T20:00:27.817Z,FOOTWEAR,Edm.String
Product,1616,2016-11-27T20:00:28.043Z,JEWELRY,Edm.String
Product,1617,2016-11-27T20:00:28.271Z,EAR PROTECTION DEVICES,Edm.String
Product,1618,2016-11-27T20:00:28.501Z,RESPIRATORY PROTECTION DEVICES,Edm.String
Product,1619,2016-11-27T20:00:28.733Z,PERSONAL PROTECTION DEVICES,Edm.String
Product,1620,2016-11-27T20:00:28.963Z,HEARING AIDS,Edm.String
Product,1622,2016-11-27T20:00:29.302Z,WATCHES,Edm.String
Product,1623,2016-11-27T20:00:29.523Z,LUGGAGE,Edm.String
Product,1624,2016-11-27T20:00:29.752Z,CONTACT LENSES,Edm.String
Product,1625,2016-11-27T20:00:29.971Z,LIGHTED MAKE-UP MIRRORS,Edm.String
Product,1629,2016-11-27T20:00:30.179Z,NONELECTRIC TOOTHBRUSHES,Edm.String
Product,1630,2016-11-27T20:00:30.401Z,PAPER MONEY OR COINS                    ,Edm.String
Product,1634,2016-11-27T20:00:30.619Z,HEAT OR INFRARED LAMPS,Edm.String
Product,1637,2016-11-27T20:00:30.838Z,ELECTRIC COMBS,Edm.String
Product,1638,2016-11-27T20:00:31.187Z,COMBS OR HAIRBRUSHES, UNPOWERED,Edm.String
Product,1641,2016-11-27T20:00:31.409Z,CLOTHESBRUSHES,Edm.String
Product,1643,2016-11-27T20:00:31.694Z,KEYS, KEY RINGS OR KEY CHAINS,Edm.String
Product,1644,2016-11-27T20:00:31.994Z,NIGHTWEAR,Edm.String
Product,1645,2016-11-27T20:00:32.219Z,DAY WEAR,Edm.String
Product,1646,2016-11-27T20:00:32.447Z,OUTERWEAR,Edm.String
Product,1647,2016-11-27T20:00:32.673Z,CLOTHING ACCESSORIES,Edm.String
Product,1650,2016-11-27T20:00:32.904Z,DESK SUPPLIES,Edm.String
Product,1651,2016-11-27T20:00:33.136Z,COMBS, NOT SPECIFIED,Edm.String
Product,1654,2016-11-27T20:00:33.371Z,PAPER CUTTERS,Edm.String
Product,1658,2016-11-27T20:00:33.601Z,CLOTHING, NOT SPECIFIED,Edm.String
Product,1659,2016-11-27T20:00:33.881Z,MANICURING DEVICES,Edm.String
Product,1660,2016-11-27T20:00:34.447Z,UMBRELLAS,Edm.String
Product,1661,2016-11-27T20:00:34.667Z,NONELECTRIC RAZORS OR SHAVERS,Edm.String
Product,1662,2016-11-27T20:00:34.921Z,HAIR GROOMING EQUIPMENT OR ACCESSORIES, N.S.,Edm.String
Product,1664,2016-11-27T20:00:35.153Z,ELECTRIC RAZORS OR SHAVERS,Edm.String
Product,1667,2016-11-27T20:00:35.429Z,RAZORS OR SHAVERS, NOT SPECIFIED,Edm.String
Product,1669,2016-11-27T20:00:35.659Z,PINS AND NEEDLES,Edm.String
Product,1671,2016-11-27T20:00:35.960Z,SEWING BASKET ARTICLES,Edm.String
Product,1677,2016-11-27T20:00:36.222Z,OTHER CLOTHING,Edm.String
Product,1678,2016-11-27T20:00:36.549Z,BATH OR FACIAL BRUSHES,Edm.String
Product,1679,2016-11-27T20:00:36.826Z,GROCERY OR SHOPPING CARTS,Edm.String
Product,1680,2016-11-27T20:00:37.043Z,DOLLIES, HANDTRUCKS OR LUGGAGE CARRIERS,Edm.String
Product,1682,2016-11-27T20:00:37.281Z,HAIR CURLERS, CURLING IRONS, CLIPS & HAIRPINS,Edm.String
Product,1683,2016-11-27T20:00:37.531Z,HAIR CLIPPERS AND TRIMMERS,Edm.String
Product,1684,2016-11-27T20:00:37.773Z,CARTS, OTHER OR NOT SPECIFIED,Edm.String
Product,1685,2016-11-27T20:00:37.991Z,PENS AND PENCILS,Edm.String
Product,1686,2016-11-27T20:00:38.213Z,COINS,Edm.String
Product,1687,2016-11-27T20:00:38.436Z,LIGHTERS, NOT SPECIFIED,Edm.String
Product,1688,2016-11-27T20:00:38.661Z,FUEL MULTI-PURPOSE LIGHTERS, INCL. MICRO-TORCHES,Edm.String
Product,1689,2016-11-27T20:00:38.885Z,ELECTRIC MULTI-PURPOSE LIGHTERS,Edm.String
Product,1690,2016-11-27T20:00:39.107Z,MULTI-PURPOSE LIGHTERS, NOT SPECIFIED,Edm.String
Product,1701,2016-11-27T20:00:39.329Z,ARTIFICIAL CHRISTMAS TREES,Edm.String
Product,1705,2016-11-27T20:00:39.539Z,ASHTRAYS                                ,Edm.String
Product,1706,2016-11-27T20:00:39.753Z,CRUTCHES, CANES OR WALKERS,Edm.String
Product,1707,2016-11-27T20:00:39.976Z,WHEELCHAIRS,Edm.String
Product,1710,2016-11-27T20:00:40.182Z,FIRST AID EQUIPMENT,Edm.String
Product,1711,2016-11-27T20:00:40.405Z,CHRISTMAS TREE LIGHTS,Edm.String
Product,1712,2016-11-27T20:00:40.656Z,CHRISTMAS TREE STANDS OR SUPPORTS,Edm.String
Product,1714,2016-11-27T20:00:40.912Z,SEASONAL DECORATIONS,Edm.String
Product,1715,2016-11-27T20:00:41.145Z,PET SUPPLIES,Edm.String
Product,1716,2016-11-27T20:00:41.381Z,HYPODERMIC NEEDLES OR SYRINGES,Edm.String
Product,1718,2016-11-27T20:00:41.634Z,FLARES,Edm.String
Product,1719,2016-11-27T20:00:41.857Z,LUNCH BOXES OR PAILS,Edm.String
Product,1720,2016-11-27T20:00:42.088Z,PARTY FAVORS,Edm.String
Product,1725,2016-11-27T20:00:42.375Z,CATHODE-RAY TUBES                       ,Edm.String
Product,1726,2016-11-27T20:00:42.609Z,LOCKERS,Edm.String
Product,1728,2016-11-27T20:00:42.839Z,MATCHBOOKS,Edm.String
Product,1729,2016-11-27T20:00:43.071Z,CHRISTMAS DECORATIONS (NONELECTRIC),Edm.String
Product,1730,2016-11-27T20:00:43.302Z,WOODEN MATCHES,Edm.String
Product,1731,2016-11-27T20:00:43.531Z,MATCHES, NOT SPECIFIED,Edm.String
Product,1732,2016-11-27T20:00:43.881Z,TOMBSTONES OR GRAVE MARKERS,Edm.String
Product,1733,2016-11-27T20:00:44.107Z,VENDING MACHINES,Edm.String
Product,1734,2016-11-27T20:00:44.326Z,MUSIC BOXES OR CHIMES,Edm.String
Product,1735,2016-11-27T20:00:44.550Z,COIN-OPERATED CAR-WASHING EQUIPMENT,Edm.String
Product,1736,2016-11-27T20:00:44.778Z,ELECTRIC CHRISTMAS DECORATIONS (EXCL. TREE LIGHTS),Edm.String
Product,1737,2016-11-27T20:00:45.003Z,HOUSEPLANTS                             ,Edm.String
Product,1738,2016-11-27T20:00:45.233Z,PUBLIC USE ITEMS, NOT ELSEWHERE CLASSIFIED,Edm.String
Product,1739,2016-11-27T20:00:45.466Z,ASHTRAYS, ELECTRIC OR BATTERY OPERATED,Edm.String
Product,1740,2016-11-27T20:00:45.697Z,ASHTRAYS, NOT ELEC. OR BATTERY OR NOT SPECIFIED,Edm.String
Product,1741,2016-11-27T20:00:45.929Z,TARPAULINS,Edm.String
Product,1742,2016-11-27T20:00:46.163Z,HEATING OR COOLING COMFORT PACKS (NONELECTRIC),Edm.String
Product,1744,2016-11-27T20:00:46.393Z,MOTORIZED VEHICLES, NEC (3 OR MORE WHLS),Edm.String
Product,1803,2016-11-27T20:00:46.617Z,THERMAL OR SOUND INSULATION MATERIALS,Edm.String
Product,1807,2016-11-27T20:00:46.847Z,FLOORS OR FLOORING MATERIALS,Edm.String
Product,1808,2016-11-27T20:00:47.089Z,OUTDOOR AWNINGS OR SHUTTERS,Edm.String
Product,1811,2016-11-27T20:00:47.307Z,BRICKS OR CONCRETE BLOCKS (NOT PART OF S,Edm.String
Product,1812,2016-11-27T20:00:47.567Z,GUTTERS, DRAINPIPES, DOWNSPOUTS OR RUN-OFF PIPES,Edm.String
Product,1814,2016-11-27T20:00:47.810Z,ELEVATORS OR OTHER LIFTS                ,Edm.String
Product,1816,2016-11-27T20:00:48.110Z,SCAFFOLDING,Edm.String
Product,1817,2016-11-27T20:00:48.329Z,PORCHES, BALCONIES, OPEN-SIDE FLOORS OR FLOOR OPENINGS,Edm.String
Product,1818,2016-11-27T20:00:48.613Z,CISTERNS, CESSPOOLS OR SEPTIC TANKS,Edm.String
Product,1819,2016-11-27T20:00:48.832Z,NAILS, SCREWS, CARPET TACKS OR THUMBTACKS,Edm.String
Product,1820,2016-11-27T20:00:49.056Z,CABINET OR DOOR HARDWARE,Edm.String
Product,1821,2016-11-27T20:00:49.281Z,CLOTHESLINES OR CLOTHES DRYING RACKS,Edm.String
Product,1823,2016-11-27T20:00:49.517Z,STORM DOORS WITH GLASS PANELS,Edm.String
Product,1825,2016-11-27T20:00:49.741Z,SLIDING GLASS DOORS OR PANELS,Edm.String
Product,1826,2016-11-27T20:00:50.003Z,STORM WINDOWS,Edm.String
Product,1827,2016-11-27T20:00:50.272Z,SCREEN DOORS,Edm.String
Product,1828,2016-11-27T20:00:50.491Z,WINDOW SCREENS,Edm.String
Product,1829,2016-11-27T20:00:50.723Z,HANDRAILS, RAILINGS OR BANISTERS,Edm.String
Product,1830,2016-11-27T20:00:50.944Z,SEPARATE GARAGES OR TOOL SHEDS          ,Edm.String
Product,1836,2016-11-27T20:00:51.175Z,JALOUSIE GLASS WINDOWS,Edm.String
Product,1840,2016-11-27T20:00:51.395Z,PULL-DOWN OR FOLDING STAIRS,Edm.String
Product,1841,2016-11-27T20:00:51.655Z,MOBILE HOMES,Edm.String
Product,1842,2016-11-27T20:00:51.876Z,STAIRS OR STEPS,Edm.String
Product,1843,2016-11-27T20:00:52.107Z,RAMPS OR LANDINGS,Edm.String
Product,1845,2016-11-27T20:00:52.339Z,PANEL DOORS (FLUSH OR SLAB),Edm.String
Product,1849,2016-11-27T20:00:52.555Z,DOORS, NOT SPECIFIED,Edm.String
Product,1854,2016-11-27T20:00:52.779Z,PLASTIC PANELS FOR DOORS OR WINDOWS,Edm.String
Product,1855,2016-11-27T20:00:53.005Z,PLASTIC PRODUCTS, NOT ELSEWHERE CLASSIFIED,Edm.String
Product,1857,2016-11-27T20:00:53.229Z,ARTIFICIAL TURF,Edm.String
Product,1858,2016-11-27T20:00:53.447Z,STORM DOORS WITHOUT GLASS PANELS,Edm.String
Product,1863,2016-11-27T20:00:53.669Z,WALLPAPER,Edm.String
Product,1864,2016-11-27T20:00:53.875Z,COUNTERS OR COUNTERTOPS,Edm.String
Product,1865,2016-11-27T20:00:54.091Z,POLES,Edm.String
Product,1866,2016-11-27T20:00:54.293Z,GENERAL HOME OR ROOM INVOLVEMENT IN FIRES,Edm.String
Product,1867,2016-11-27T20:00:54.507Z,FIXED FLOOR-LENGTH GLASS PANELS,Edm.String
Product,1870,2016-11-27T20:00:54.741Z,WINDOW SILLS OR FRAMES,Edm.String
Product,1871,2016-11-27T20:00:55.011Z,FENCES OR FENCE POSTS,Edm.String
Product,1873,2016-11-27T20:00:55.238Z,WINDOWS OR WINDOW GLASS, NOT SPECIFIED,Edm.String
Product,1875,2016-11-27T20:00:55.467Z,OTHER WINDOWS OR WINDOW GLASS,Edm.String
Product,1876,2016-11-27T20:00:55.695Z,HOUSE STRUCTURES, REPAIR OR CONSTRUCTION MATERIALS,NEC,Edm.String
Product,1878,2016-11-27T20:00:55.917Z,DOOR SILLS OR FRAMES,Edm.String
Product,1879,2016-11-27T20:00:56.251Z,OTHER NONGLASS DOORS (NONGARAGE),Edm.String
Product,1880,2016-11-27T20:00:56.460Z,NONGLASS DOORS (NONGARAGE), NOT SPECIFIED,Edm.String
Product,1882,2016-11-27T20:00:56.681Z,OTHER GLASS DOORS,Edm.String
Product,1883,2016-11-27T20:00:56.893Z,GLASS DOORS, NOT SPECIFIED,Edm.String
Product,1884,2016-11-27T20:00:57.099Z,CEILINGS AND WALLS (PART OF COMPLETED STRUCTURE),Edm.String
Product,1885,2016-11-27T20:00:57.328Z,WOOD PANELING AND PARTICLEBOARD,Edm.String
Product,1886,2016-11-27T20:00:57.564Z,GARAGE DOORS (EXCL. AUTOMATIC GARAGE DOORS OR OPENERS),Edm.String
Product,1887,2016-11-27T20:00:57.779Z,TOOL SHEDS,Edm.String
Product,1888,2016-11-27T20:00:57.985Z,WINDOW OR DOOR SECURITY BARRIERS,Edm.String
Product,1889,2016-11-27T20:00:58.231Z,ELEVATORS OR OTHER LIFTS (EXCL.ESCALATORS, HOISTS, JAC,Edm.String
Product,1890,2016-11-27T20:00:58.450Z,ESCALATORS,Edm.String
Product,1891,2016-11-27T20:00:58.676Z,MOVING WALKS,Edm.String
Product,1892,2016-11-27T20:00:58.897Z,GLASS DOORS OR DOORS W/GLASS PANELS     ,Edm.String
Product,1893,2016-11-27T20:00:59.129Z,DOORS, OTHER OR NOT SPECIFIED           ,Edm.String
Product,1894,2016-11-27T20:00:59.346Z,WINDOWS & WINDOW GLASS, EXCL STORM WINDO,Edm.String
Product,1895,2016-11-27T20:00:59.613Z,TREE STANDS (HUNTING)                   ,Edm.String
Product,1898,2016-11-27T20:00:59.872Z,GAS FUMES OR VAPORS OF UNKNOWN ORIGIN   ,Edm.String
Product,1899,2016-11-27T20:01:00.133Z,CARBON MONOXIDE POISONINGS (WHEN SOURCE IS UKNOWN),Edm.String
Product,1909,2016-11-27T20:01:00.359Z,CIGARETTES, CIGARS, PIPES OR TOBACCO,Edm.String
Product,1913,2016-11-27T20:01:00.586Z,COSMETICS, INCL FACIAL & EYE MAKE-UP, DEODORANTS, ETC.,Edm.String
Product,1914,2016-11-27T20:01:00.818Z,VETERINARY MEDICINES,Edm.String
Product,1915,2016-11-27T20:01:01.057Z,LINIMENTS OR RUBBING COMPOUNDS,Edm.String
Product,1916,2016-11-27T20:01:01.357Z,PREPARATIONS CONTAINING IRON SALTS,Edm.String
Product,1923,2016-11-27T20:01:01.605Z,ASPIRIN OR ASPIRIN COMPOUNDS,Edm.String
Product,1926,2016-11-27T20:01:01.828Z,PESTICIDES,Edm.String
Product,1927,2016-11-27T20:01:02.051Z,LIQUID DRUGS,Edm.String
Product,1928,2016-11-27T20:01:02.279Z,ANTIHISTAMINES,Edm.String
Product,1929,2016-11-27T20:01:02.503Z,DRUGS OR MEDICATIONS, NOT SPECIFIED,Edm.String
Product,1930,2016-11-27T20:01:02.731Z,ASPIRIN SUBSTITUTES,Edm.String
Product,1931,2016-11-27T20:01:02.946Z,TABLET OR CAPSULE DRUGS,Edm.String
Product,1932,2016-11-27T20:01:03.199Z,OTHER DRUGS OR MEDICATIONS,Edm.String
Product,1934,2016-11-27T20:01:03.419Z,HOT WATER,Edm.String
Product,1936,2016-11-27T20:01:03.641Z,BBS OR PELLETS,Edm.String
Product,1940,2016-11-27T20:01:03.870Z,MOUTHWASHES/MOUTH RINSES (EXCL PEROXIDE),Edm.String
Product,202,2016-11-27T19:58:08.121Z,ELECTRIC COUNTER-MOUNTED COOKING SURFACES,Edm.String
Product,204,2016-11-27T19:58:08.353Z,GAS COUNTER-MOUNTED COOKING SURFACES,Edm.String
Product,212,2016-11-27T19:58:08.652Z,ELECTRIC CORN POPPERS,Edm.String
Product,213,2016-11-27T19:58:08.877Z,ELECTRIC CAN OPENERS,Edm.String
Product,214,2016-11-27T19:58:09.098Z,DISHWASHERS,Edm.String
Product,215,2016-11-27T19:58:09.321Z,ELECTRIC BLENDERS,Edm.String
Product,216,2016-11-27T19:58:09.563Z,ELECTRIC COUNTER-TOP OVENS, BROILERS OR TOASTER OVENS,Edm.String
Product,217,2016-11-27T19:58:09.779Z,ELECTRIC COFFEE MAKERS OR TEAPOTS,Edm.String
Product,218,2016-11-27T19:58:10.002Z,ELECTRIC OR BATTERY-POWERED KNIVES,Edm.String
Product,219,2016-11-27T19:58:10.222Z,ELECTRIC DEEP FRYERS,Edm.String
Product,221,2016-11-27T19:58:10.443Z,FOOD WARMERS,Edm.String
Product,222,2016-11-27T19:58:10.655Z,ELECTRIC FRYING PANS AND SKILLETS,Edm.String
Product,223,2016-11-27T19:58:10.882Z,ELECTRIC GRIDDLES,Edm.String
Product,224,2016-11-27T19:58:11.098Z,HOT PLATES,Edm.String
Product,227,2016-11-27T19:58:11.318Z,ICE MAKERS (SEPARATE FROM REFRIGERATORS),Edm.String
Product,2300,2016-11-27T20:01:04.101Z,SCHOOL EQUIPMENT,Edm.String
Product,231,2016-11-27T19:58:11.531Z,ELECTRIC MIXERS,Edm.String
Product,232,2016-11-27T19:58:11.743Z,ELECTRIC SCISSORS,Edm.String
Product,234,2016-11-27T19:58:11.981Z,TOASTERS,Edm.String
Product,235,2016-11-27T19:58:12.278Z,ELECTRIC WAFFLE IRONS,Edm.String
Product,236,2016-11-27T19:58:12.515Z,FAUCET WATER HEATERS,Edm.String
Product,237,2016-11-27T19:58:12.753Z,GARBAGE DISPOSERS,Edm.String
Product,238,2016-11-27T19:58:12.975Z,DRY HEAT IRONS,Edm.String
Product,239,2016-11-27T19:58:13.199Z,STEAM IRONS,Edm.String
Product,240,2016-11-27T19:58:13.418Z,ELECTRIC KNIFE SHARPENERS,Edm.String
Product,241,2016-11-27T19:58:13.665Z,ROTISSERIES,Edm.String
Product,242,2016-11-27T19:58:13.896Z,ELECTRIC IMMERSION WATER HEATERS,Edm.String
Product,2440,2016-11-27T20:01:04.377Z,SUPPORT GARMENTS AND STOCKINGS, MEDICAL,Edm.String
Product,247,2016-11-27T19:58:14.120Z,IRONS, NOT SPECIFIED,Edm.String
Product,250,2016-11-27T19:58:14.340Z,RANGE OR OVEN ACCESSORIES,Edm.String
Product,252,2016-11-27T19:58:14.625Z,TRASH COMPACTORS,Edm.String
Product,255,2016-11-27T19:58:14.896Z,CLOTHES STEAMERS,Edm.String
Product,257,2016-11-27T19:58:15.121Z,COUNTER-MOUNTED COOKING SURFACES, NOT SPECIFIED,Edm.String
Product,259,2016-11-27T19:58:15.341Z,ELECTRIC RANGES (WITH OVENS),Edm.String
Product,260,2016-11-27T19:58:15.573Z,GAS RANGES (WITH OVENS),Edm.String
Product,261,2016-11-27T19:58:15.806Z,ELECTRIC OVENS,Edm.String
Product,262,2016-11-27T19:58:16.045Z,GAS OVENS,Edm.String
Product,263,2016-11-27T19:58:16.263Z,FREEZERS (SEPARATE FROM REFRIGERATORS),Edm.String
Product,264,2016-11-27T19:58:16.485Z,MICROWAVE OVENS,Edm.String
Product,2640,2016-11-27T20:01:04.595Z,ORAL HYGIENE PRODUCTS,Edm.String
Product,265,2016-11-27T19:58:16.710Z,OTHER OVENS,Edm.String
Product,266,2016-11-27T19:58:16.933Z,OVENS, NOT SPECIFIED,Edm.String
Product,267,2016-11-27T19:58:17.147Z,OTHER RANGES (WITH OVENS),Edm.String
Product,268,2016-11-27T19:58:17.368Z,SLOW COOKERS,Edm.String
Product,2680,2016-11-27T20:01:04.815Z,SOAPS                                   ,Edm.String
Product,269,2016-11-27T19:58:17.589Z,ELECTRIC KETTLES OR HOT POTS,Edm.String
Product,270,2016-11-27T19:58:17.813Z,ICE CRUSHERS,Edm.String
Product,271,2016-11-27T19:58:18.049Z,JUICERS,Edm.String
Product,273,2016-11-27T19:58:18.293Z,RANGES, NOT SPECIFIED,Edm.String
Product,274,2016-11-27T19:58:18.521Z,ICE CREAM MAKERS,Edm.String
Product,275,2016-11-27T19:58:18.750Z,FOOD PROCESSORS,Edm.String
Product,276,2016-11-27T19:58:18.963Z,REFRIGERATORS,Edm.String
Product,277,2016-11-27T19:58:19.213Z,CLOTHING IRONS,Edm.String
Product,278,2016-11-27T19:58:19.425Z,ELECTRIC RANGES OR OVENS (EXCL COUNTER-T,Edm.String
Product,279,2016-11-27T19:58:19.641Z,GAS RANGES OR OVENS                     ,Edm.String
Product,280,2016-11-27T19:58:19.854Z,OTHER RANGES OR OVENS                   ,Edm.String
Product,281,2016-11-27T19:58:20.085Z,RANGES OR OVENS, NOT SPECIFIED          ,Edm.String
Product,304,2016-11-27T19:58:20.324Z,HUMIDIFIERS,Edm.String
Product,305,2016-11-27T19:58:20.553Z,VAPORIZERS,Edm.String
Product,306,2016-11-27T19:58:20.785Z,DEHUMIDIFIERS,Edm.String
Product,307,2016-11-27T19:58:21.011Z,AIR PURIFIERS,Edm.String
Product,308,2016-11-27T19:58:21.229Z,BOILERS,Edm.String
Product,309,2016-11-27T19:58:21.451Z,COAL FURNACES,Edm.String
Product,310,2016-11-27T19:58:21.682Z,GAS FURNACES,Edm.String
Product,311,2016-11-27T19:58:21.912Z,OIL FURNACES,Edm.String
Product,312,2016-11-27T19:58:22.153Z,ELECTRIC BASEBOARD HEATERS,Edm.String
Product,316,2016-11-27T19:58:22.393Z,WOOD BURNING FIREPLACES, FACTORY BUILT,Edm.String
Product,318,2016-11-27T19:58:22.626Z,ELECTRIC FURNACES,Edm.String
Product,3200,2016-11-27T20:01:05.048Z,WATER TUBING (ACTIVITY, APPAREL OR EQUIPMENT),Edm.String
Product,3202,2016-11-27T20:01:05.279Z,PEDAL-POWERED ADULT VEHICLES (THREE OR MORE WHEELS),Edm.String
Product,3203,2016-11-27T20:01:05.549Z,SKEET SHOOTING (ACTIVITY, APPAREL OR EQUIPMENT),Edm.String
Product,3211,2016-11-27T20:01:05.879Z,WATER SLIDES                            ,Edm.String
Product,3214,2016-11-27T20:01:06.109Z,CAMPING EQUIPMENT                       ,Edm.String
Product,3215,2016-11-27T20:01:06.364Z,MOPEDS OR POWER-ASSISTED CYCLES,Edm.String
Product,3216,2016-11-27T20:01:06.597Z,ROLLER SKATING (ACTIVITY, APPAREL OR EQUIPMENT),Edm.String
Product,3217,2016-11-27T20:01:06.859Z,SKATING (ACTIVITY, APPAREL OR EQUIPMENT) NOT SPECIFIED,Edm.String
Product,3218,2016-11-27T20:01:07.118Z,CHARCOAL OR WOOD-BURNING GRILLS,Edm.String
Product,3219,2016-11-27T20:01:07.351Z,OTHER PLAYGROUND EQUIPMENT,Edm.String
Product,322,2016-11-27T19:58:22.867Z,FURNACES, NOT SPECIFIED,Edm.String
Product,3220,2016-11-27T20:01:07.579Z,VOLLEYBALL (ACTIVITY, APPAREL OR EQUIPME,Edm.String
Product,3221,2016-11-27T20:01:07.809Z,ABOVE-GROUND SWIMMING POOLS,Edm.String
Product,3222,2016-11-27T20:01:08.038Z,BADMINTON (ACTIVITY, APPAREL OR EQUIPMENT),Edm.String
Product,3223,2016-11-27T20:01:08.258Z,FISHING (ACTIVITY, APPAREL OR EQUIPMENT),Edm.String
Product,3225,2016-11-27T20:01:08.491Z,ORGANIZED SOCCER (ACTIVITY, APPAREL OR E,Edm.String
Product,3226,2016-11-27T20:01:08.709Z,BASKETBALL (ACTIVITY, APPAREL OR EQUIPME,Edm.String
Product,3227,2016-11-27T20:01:08.946Z,INFORMAL FOOTBALL (ACTIVITY, APPAREL OR ,Edm.String
Product,3228,2016-11-27T20:01:09.171Z,ORGANIZED BASEBALL (ACTIVITY, APPAREL OR,Edm.String
Product,3229,2016-11-27T20:01:09.388Z,ELECTRIC GRILLS,Edm.String
Product,3230,2016-11-27T20:01:09.621Z,KEROSENE GRILLS OR STOVES,Edm.String
Product,3231,2016-11-27T20:01:09.849Z,GYMNASTICS (ACTIVITY, APPAREL OR EQUIPME,Edm.String
Product,3233,2016-11-27T20:01:10.075Z,OTHER GRILLS OR STOVES,Edm.String
Product,3234,2016-11-27T20:01:10.298Z,RUGBY (ACTIVITY, APPAREL OR EQUIPMENT),Edm.String
Product,3235,2016-11-27T20:01:10.515Z,OTHER BALL SPORTS (ACTIVITY, APPAREL OR EQUIPMENT),Edm.String
Product,3236,2016-11-27T20:01:10.740Z,BALL SPORTS (ACTIVITY, APPAREL OR EQUIPMENT), N.S.,Edm.String
Product,3237,2016-11-27T20:01:10.997Z,ORGANIZED GYMNASTICS (ACTIVITY, APPAREL ,Edm.String
Product,3240,2016-11-27T20:01:11.218Z,INFORMAL BASEBALL (ACTIVITY, APPAREL OR ,Edm.String
Product,3241,2016-11-27T20:01:11.438Z,INFORMAL SOCCER (ACTIVITY, APPAREL OR EQ,Edm.String
Product,3242,2016-11-27T20:01:11.681Z,ORGANIZED BASKETBALL (ACTIVITY, APPAREL ,Edm.String
Product,3243,2016-11-27T20:01:11.909Z,ORGANIZED VOLLEYBALL (ACTIVITY, APPAREL ,Edm.String
Product,3244,2016-11-27T20:01:12.161Z,FOOTBALL (ACTIVITY, APPAREL OR EQUIPMENT,Edm.String
Product,3245,2016-11-27T20:01:12.486Z,STREET HOCKEY (ACTIVITY, APPAREL OR EQUIPMENT),Edm.String
Product,3246,2016-11-27T20:01:12.910Z,SWINGS OR SWING SETS,Edm.String
Product,3247,2016-11-27T20:01:13.220Z,ICE OR SNOW BOATING (ACTIVITY, APPAREL OR EQUIPMENT),Edm.String
Product,3248,2016-11-27T20:01:13.472Z,GAS OR LP GRILLS OR STOVES,Edm.String
Product,3249,2016-11-27T20:01:13.747Z,GRILLS, NOT SPECIFIED,Edm.String
Product,3250,2016-11-27T20:01:13.967Z,PORTABLE FOOD OR BEVERAGE COOLERS,Edm.String
Product,3251,2016-11-27T20:01:14.187Z,BUILT-IN SWIMMING POOLS,Edm.String
Product,3252,2016-11-27T20:01:14.401Z,SLEEPING BAGS,Edm.String
Product,3254,2016-11-27T20:01:14.625Z,CHEERLEADING (ACTIVITY, APPAREL OR EQUIPMENT),Edm.String
Product,3255,2016-11-27T20:01:14.841Z,ICE SKATING (ACTIVITY, APPAREL OR EQUIPMENT),Edm.String
Product,3256,2016-11-27T20:01:15.073Z,SQUASH, RACQUET BALL OR PADDLE BALL,Edm.String
Product,3257,2016-11-27T20:01:15.291Z,MARTIAL ARTS (ACTIVITY, APPAREL OR EQUIPMENT),Edm.String
Product,3258,2016-11-27T20:01:15.558Z,MINIBIKES OR TRAIL BIKES                ,Edm.String
Product,3259,2016-11-27T20:01:15.801Z,GO-CARTS,Edm.String
Product,3260,2016-11-27T20:01:16.031Z,FENCING (ACTIVITY, APPAREL OR EQUIPMENT),Edm.String
Product,3261,2016-11-27T20:01:16.360Z,SHUFFLEBOARD (ACTIVITY, APPAREL OR EQUIPMENT),Edm.String
Product,3262,2016-11-27T20:01:16.580Z,SWIMMING POOL EQUIPMENT,Edm.String
Product,3263,2016-11-27T20:01:16.816Z,INFORMAL GYMNASTICS (ACTIVITY, APPAREL O,Edm.String
Product,3265,2016-11-27T20:01:17.127Z,WEIGHT LIFTING (ACTIVITY, APPAREL OR EQUIPMENT),Edm.String
Product,3267,2016-11-27T20:01:17.347Z,INFORMAL BASKETBALL (ACTIVITY, APPAREL O,Edm.String
Product,3268,2016-11-27T20:01:17.573Z,INFORMAL VOLLEYBALL (ACTIVITY, APPAREL O,Edm.String
Product,3269,2016-11-27T20:01:17.796Z,ORGANIZED FOOTBALL (ACTIVITY, APPAREL OR,Edm.String
Product,3270,2016-11-27T20:01:18.055Z,BASEBALL (ACTIVITY, APPAREL OR EQUIP.), ,Edm.String
Product,3271,2016-11-27T20:01:18.297Z,SOCCER (ACTIVITY, APPAREL OR EQUIPMENT),,Edm.String
Product,3272,2016-11-27T20:01:18.530Z,HOCKEY (ACTIVITY, APPAREL OR EQUIPMENT), NOT SPECIFIED,Edm.String
Product,3273,2016-11-27T20:01:18.764Z,PLAYGROUND EQUIPMENT, NOT SPECIFIED,Edm.String
Product,3274,2016-11-27T20:01:18.989Z,SWIMMING (ACTIVITY, APPAREL OR EQUIPMENT),Edm.String
Product,3276,2016-11-27T20:01:19.281Z,WATER POLO (ACTIVITY, APPAREL OR EQUIPMENT),Edm.String
Product,3277,2016-11-27T20:01:19.495Z,EXERCISE EQUIPMENT,Edm.String
Product,3278,2016-11-27T20:01:19.716Z,DANCING (ACTIVITY, APPAREL OR EQUIPMENT),Edm.String
Product,3279,2016-11-27T20:01:19.938Z,FLOTATION DEVICES,Edm.String
Product,3282,2016-11-27T20:01:20.159Z,CURLING (ACTIVITY, APPAREL OR EQUIPMENT),Edm.String
Product,3283,2016-11-27T20:01:20.397Z,SNOW SKIING (ACTIVITY, APPAREL OR EQUIPMENT),Edm.String
Product,3284,2016-11-27T20:01:20.658Z,TENNIS (ACTIVITY, APPAREL OR EQUIPMENT),Edm.String
Product,3285,2016-11-27T20:01:20.882Z,ALL TERRAIN VEHICLES (THREE WHEELS/OFF-ROAD ONLY),Edm.String
Product,3286,2016-11-27T20:01:21.115Z,ALL TERRAIN VEHICLES (FOUR WHEELS/OFF ROAD ONLY),Edm.String
Product,3287,2016-11-27T20:01:21.335Z,ALL TERRAIN VEHICLES (# OF WHEELS UNSPECIFIED/OFF ROAD),Edm.String
Product,3288,2016-11-27T20:01:21.564Z,DUNE BUGGIES/BEACH BUGGIES,Edm.String
Product,3289,2016-11-27T20:01:21.789Z,DARTS, FOR INDOOR USE (ACTIVITY OR EQUIPMENT),Edm.String
Product,3290,2016-11-27T20:01:22.014Z,DARTS, LAWN (ACTIVITY OR EQUIPMENT),Edm.String
Product,3291,2016-11-27T20:01:22.239Z,DARTS, NOT OTHERWISE SPECIFIED (N.O.S.),Edm.String
Product,3293,2016-11-27T20:01:22.559Z,WATER SLIDES, NOT ELSEWHERE CLASSIFIED,Edm.String
Product,3294,2016-11-27T20:01:22.791Z,WATER SLIDES, BACKYARD/HOME (NOT SWIMMING POOL SLIDES),Edm.String
Product,3295,2016-11-27T20:01:22.998Z,WATER SLIDES, PUBLIC (STATIONARY AMUSEMENT RIDES),Edm.String
Product,3296,2016-11-27T20:01:23.231Z,ALL TERR. VEH. (MORE THAN 4 WHEELS; EXCLUSIVELY OFF-RD.,Edm.String
Product,3297,2016-11-27T20:01:23.446Z,IN-LINE SKATING (ACTIVITY, APPAREL OR EQUIPMENT),Edm.String
Product,3299,2016-11-27T20:01:23.657Z,EXERCISE (ACTIVITY OR APPAREL, W/O EQUIP),Edm.String
Product,334,2016-11-27T19:58:23.096Z,GAS-BURNING FIREPLACES, FACTORY BUILT,Edm.String
Product,336,2016-11-27T19:58:23.325Z,BUILT-IN FIREPLACES,Edm.String
Product,340,2016-11-27T19:58:23.547Z,THERMOSTATS (FOR HEATING OR COOLING SYSTEMS),Edm.String
Product,342,2016-11-27T19:58:23.767Z,FIREPLACES, NOT SPECIFIED,Edm.String
Product,346,2016-11-27T19:58:23.994Z,ELECTRIC FIREPLACES, FACTORY BUILT,Edm.String
Product,348,2016-11-27T19:58:24.217Z,PORTABLE ELECTRIC HEATERS,Edm.String
Product,365,2016-11-27T19:58:24.437Z,HEAT PUMPS,Edm.String
Product,366,2016-11-27T19:58:24.657Z,CATALYTIC HEATERS,Edm.String
Product,367,2016-11-27T19:58:24.943Z,COAL OR WOOD-BURNING STOVES,Edm.String
Product,368,2016-11-27T19:58:25.176Z,GASOLINE HEATERS (NONCATALYTIC),Edm.String
Product,369,2016-11-27T19:58:25.398Z,OTHER HEATERS OR HEATING SYSTEMS,Edm.String
Product,370,2016-11-27T19:58:25.624Z,HEATERS OR HEATING SYSTEMS, NOT SPECIFIED,Edm.String
Product,371,2016-11-27T19:58:25.859Z,DUCTWORK FOR HEATING OR COOLING SYSTEMS,Edm.String
Product,372,2016-11-27T19:58:26.082Z,BRICK, STONE OR MASONRY CHIMNEYS,Edm.String
Product,373,2016-11-27T19:58:26.334Z,METAL CHIMNEYS, STOVEPIPES OR FLUES,Edm.String
Product,374,2016-11-27T19:58:26.561Z,PIPES (EXCLUDING SMOKING PIPES),Edm.String
Product,378,2016-11-27T19:58:26.791Z,CHIMNEYS, NOT SPECIFIED,Edm.String
Product,379,2016-11-27T19:58:27.020Z,RADIATORS (EXCLUDING VEHICLE RADIATORS),Edm.String
Product,380,2016-11-27T19:58:27.251Z,FANS,Edm.String
Product,381,2016-11-27T19:58:27.479Z,AIR CONDITIONERS,Edm.String
Product,384,2016-11-27T19:58:27.703Z,FLOOR FURNACES (BUILT INTO FLOOR),Edm.String
Product,386,2016-11-27T19:58:27.933Z,GAS OR LP FLOOR OR WALL HEATERS,Edm.String
Product,388,2016-11-27T19:58:28.153Z,ELECTRIC HEATERS, NOT ELSEWHERE CLASSIFIED,Edm.String
Product,389,2016-11-27T19:58:28.390Z,GAS OR LP HEATERS, NOT ELSEWHERE CLASSIFIED,Edm.String
Product,390,2016-11-27T19:58:28.611Z,HEAT TAPES, ELECTRIC,Edm.String
Product,391,2016-11-27T19:58:28.863Z,PORTABLE GAS OR LP HEATERS              ,Edm.String
Product,392,2016-11-27T19:58:29.093Z,GAS OR LP HEATERS, OTHER OR NOT SPEC    ,Edm.String
Product,393,2016-11-27T19:58:29.322Z,HEATERS OR HEATING SYSTEMS, OTHER/N.S.  ,Edm.String
Product,394,2016-11-27T19:58:29.593Z,OUTDOOR PATIO HEATERS OR FIREPITS (MANUF,Edm.String
Product,399,2016-11-27T19:58:29.823Z,KEROSENE OR OIL HEATERS,Edm.String
Product,4002,2016-11-27T20:01:23.887Z,BEDDING, NOT SPECIFIED,Edm.String
Product,4003,2016-11-27T20:01:24.106Z,STOOLS, NOT SPECIFIED,Edm.String
Product,4004,2016-11-27T20:01:24.311Z,MIRRORS OR MIRROR GLASS,Edm.String
Product,4005,2016-11-27T20:01:24.580Z,FILTERS,Edm.String
Product,4008,2016-11-27T20:01:24.811Z,NONELECTRIC BLANKETS,Edm.String
Product,4009,2016-11-27T20:01:25.059Z,NONBABY MATTRESSES,Edm.String
Product,401,2016-11-27T19:58:30.083Z,NONELECTRIC CAN OPENERS,Edm.String
Product,4010,2016-11-27T20:01:25.276Z,MATTRESSES, NOT SPECIFIED,Edm.String
Product,4011,2016-11-27T20:01:25.511Z,INFLATABLE FURNITURE,Edm.String
Product,4013,2016-11-27T20:01:25.743Z,OTHER FURNITURE,Edm.String
Product,4014,2016-11-27T20:01:25.971Z,FURNITURE, NOT SPECIFIED,Edm.String
Product,4015,2016-11-27T20:01:26.191Z,UPHOLSTERED FOOTSTOOLS, OTTOMANS OR HASSOCKS,Edm.String
Product,4016,2016-11-27T20:01:26.411Z,BEACH CHAIRS OR FOLDING CHAIRS,Edm.String
Product,4017,2016-11-27T20:01:26.637Z,NONUPHOLSTERED RECLINER CHAIRS,Edm.String
Product,4018,2016-11-27T20:01:26.871Z,NONUPHOLSTERED ROCKING CHAIRS,Edm.String
Product,4019,2016-11-27T20:01:27.130Z,UPHOLSTERED RECLINER CHAIRS,Edm.String
Product,4020,2016-11-27T20:01:27.346Z,UPHOLSTERED ROCKING CHAIRS,Edm.String
Product,4021,2016-11-27T20:01:27.567Z,OTHER CHAIRS,Edm.String
Product,4022,2016-11-27T20:01:27.802Z,CHAIRS, NOT SPECIFIED,Edm.String
Product,4023,2016-11-27T20:01:28.023Z,RECLINER CHAIRS, NOT SPECIFIED,Edm.String
Product,4024,2016-11-27T20:01:28.245Z,ROCKING CHAIRS, NOT SPECIFIED,Edm.String
Product,4025,2016-11-27T20:01:28.490Z,BARSTOOLS OR KITCHEN STOOLS,Edm.String
Product,4026,2016-11-27T20:01:28.711Z,OTHER STOOLS,Edm.String
Product,4030,2016-11-27T20:01:28.933Z,BATHTUB OR SHOWER ENCLOSURES, NOT SPECIFIED,Edm.String
Product,4032,2016-11-27T20:01:29.149Z,OTHER LADDERS,Edm.String
Product,4033,2016-11-27T20:01:29.367Z,LADDERS, NOT SPECIFIED,Edm.String
Product,4036,2016-11-27T20:01:29.581Z,ELECTRIC TABLE LAMPS, FLOOR LAMPS OR DES,Edm.String
Product,4039,2016-11-27T20:01:29.789Z,OTHER ELECTRIC LIGHTING EQUIPMENT,Edm.String
Product,4041,2016-11-27T20:01:30.009Z,ELECTRIC LIGHTING EQUIPMENT, NOT SPECIFIED,Edm.String
Product,4042,2016-11-27T20:01:30.221Z,LIGHTING EQUIPMENT, NOT SPECIFIED,Edm.String
Product,4043,2016-11-27T20:01:30.439Z,CLOCKS                                  ,Edm.String
Product,4045,2016-11-27T20:01:30.665Z,FABRICS (NOT PART OF FINISHED ITEM),Edm.String
Product,4047,2016-11-27T20:01:30.891Z,BOOKS, MAGAZINES, ALBUMS OR SCRAPBOOKS,Edm.String
Product,405,2016-11-27T19:58:30.304Z,UNPOWERED COFFEE MAKERS OR TEAPOTS,Edm.String
Product,4050,2016-11-27T20:01:31.127Z,PILLOWS,Edm.String
Product,4051,2016-11-27T20:01:31.350Z,SHEETS OR PILLOWCASES,Edm.String
Product,4052,2016-11-27T20:01:31.576Z,OTHER UPHOLSTERED CHAIRS,Edm.String
Product,4053,2016-11-27T20:01:31.829Z,UPHOLSTERED CHAIRS, NOT SPECIFIED,Edm.String
Product,4054,2016-11-27T20:01:32.047Z,OTHER BEDDING,Edm.String
Product,4055,2016-11-27T20:01:32.269Z,DRAPERY OR CURTAIN RODS, HOOKS OR RINGS,Edm.String
Product,4056,2016-11-27T20:01:32.485Z,CABINETS, RACKS, ROOM DIVIDERS AND SHELVES, NEC,Edm.String
Product,4057,2016-11-27T20:01:32.705Z,TABLES (EXCL.  BABY CHANGING TABLES, BILLIARD OR POOL TABLES,Edm.String
Product,4058,2016-11-27T20:01:32.921Z,BARS AND BAR ACCESSORIES, NOT ELSEWHERE CLASSIFIED,Edm.String
Product,4059,2016-11-27T20:01:33.149Z,SCALES  (EXCL. BABY SCALES)             ,Edm.String
Product,4060,2016-11-27T20:01:33.379Z,FUEL-BURNING LIGHTING EQUIPMENT,Edm.String
Product,4061,2016-11-27T20:01:33.608Z,ELECTRIC OUTLETS OR RECEPTACLES,Edm.String
Product,4062,2016-11-27T20:01:33.833Z,ELECTRIC WIRE OR WIRING SYSTEMS (EXCL PANELBOARDS RECEPT,Edm.String
Product,4063,2016-11-27T20:01:34.071Z,PANELBOARDS, CIRCUIT BREAKERS, GFCIS, OR FUSES,Edm.String
Product,4064,2016-11-27T20:01:34.297Z,FUTONS,Edm.String
Product,4065,2016-11-27T20:01:34.514Z,CLOCKS, ELECTRIC OR BATTERY OPERATED,Edm.String
Product,4066,2016-11-27T20:01:34.752Z,SCALES, ELECTRIC/BATTERY OPERATED (EXCLUD. BABY SCALES),Edm.String
Product,4067,2016-11-27T20:01:34.973Z,CLOCKS, NOT ELEC. OR BATTERY OR NOT SPECIFIED,Edm.String
Product,4068,2016-11-27T20:01:35.193Z,SCALES, NOT ELEC. OR BATTERY OR NOT SPECIFIED,Edm.String
Product,4069,2016-11-27T20:01:35.417Z,COTS,Edm.String
Product,4070,2016-11-27T20:01:35.693Z,FLOOR LAMPS OR TABLE LAMPS, HALOGEN,Edm.String
Product,4071,2016-11-27T20:01:35.919Z,FLOOR LAMPS OR TABLE LAMPS, ELECTRIC (EXCL HALOGEN),Edm.String
Product,4072,2016-11-27T20:01:36.149Z,BEDSPRINGS OR BEDFRAMES EXCL BUNK BEDS &,Edm.String
Product,4073,2016-11-27T20:01:36.391Z,ADULT BED RAILS                         ,Edm.String
Product,4074,2016-11-27T20:01:36.611Z,CHAIRS, OTHER OR NOT SPECIFIED          ,Edm.String
Product,4075,2016-11-27T20:01:36.835Z,BED RAILS                               ,Edm.String
Product,4076,2016-11-27T20:01:37.057Z,BEDS OR BEDFRAMES, OTHER OR NOT SPEC    ,Edm.String
Product,4077,2016-11-27T20:01:37.301Z,EXTENSION OR STRAIGHT LADDERS           ,Edm.String
Product,4078,2016-11-27T20:01:37.519Z,LADDERS, OTHER OR NOT SPECIFIED        ,Edm.String
Product,4079,2016-11-27T20:01:37.733Z,FOOTSTOOLS, OTTOMANS OR HASSOCKS       ,Edm.String
Product,408,2016-11-27T19:58:30.544Z,IRONING BOARDS OR COVERS,Edm.String
Product,4080,2016-11-27T20:01:37.954Z,STOOLS, OTHER OR NOT SPECIFIED         ,Edm.String
Product,4081,2016-11-27T20:01:38.195Z,CORDS, ELECTRICAL, OTHER OR NOT SPEC   ,Edm.String
Product,4082,2016-11-27T20:01:38.417Z,TODDLER BEDS                           ,Edm.String
Product,4083,2016-11-27T20:01:38.686Z,SURGE SUPPRESSORS OR POWER STRIPS,Edm.String
Product,4084,2016-11-27T20:01:38.926Z,RESIDENTIAL ALTERNATIVE ENERGY SYS FOR ON-SITE POWER GEN,Edm.String
Product,412,2016-11-27T19:58:30.769Z,PRESSURE COOKERS OR CANNERS,Edm.String
Product,413,2016-11-27T19:58:30.975Z,WASTE CONTAINERS, TRASH BASKETS OR REFUSE BINS,Edm.String
Product,416,2016-11-27T19:58:31.195Z,CORKSCREWS,Edm.String
Product,417,2016-11-27T19:58:31.416Z,FLATWARE (EXCL. KNIVES),Edm.String
Product,419,2016-11-27T19:58:31.667Z,TIE RACKS, BELT RACKS OR OTHER CLOTHES HANGERS,Edm.String
Product,420,2016-11-27T19:58:31.890Z,MANUAL SCISSORS,Edm.String
Product,421,2016-11-27T19:58:32.097Z,NONELECTRIC KNIFE SHARPENERS,Edm.String
Product,422,2016-11-27T19:58:32.307Z,BOTTLE OPENERS,Edm.String
Product,424,2016-11-27T19:58:32.520Z,GLASS DRINKING GLASSES                  ,Edm.String
Product,427,2016-11-27T19:58:32.739Z,ICE PICKS,Edm.String
Product,428,2016-11-27T19:58:32.957Z,KITCHEN GADGETS, NOT ELSEWHERE CLASSIFIED,Edm.String
Product,429,2016-11-27T19:58:33.215Z,FOOD SKEWERS,Edm.String
Product,431,2016-11-27T19:58:33.446Z,TOOTHPICKS OR HORS DOEUVRES PICKS,Edm.String
Product,432,2016-11-27T19:58:33.656Z,TRAYS (EXCL. FOOD WARMERS),Edm.String
Product,434,2016-11-27T19:58:33.883Z,DOORSTOPS,Edm.String
Product,435,2016-11-27T19:58:34.141Z,KITCHEN MIXING BOWLS, CANISTERS OR SIMILAR CONTAINERS,Edm.String
Product,436,2016-11-27T19:58:34.355Z,POTHOLDERS, OVEN MITTS OR HOT PADS,Edm.String
Product,438,2016-11-27T19:58:34.570Z,LAUNDRY BASKETS,Edm.String
Product,443,2016-11-27T19:58:34.784Z,RINKING STRAWS,Edm.String
Product,444,2016-11-27T19:58:35.005Z,KNIFE SHARPENERS, NOT SPECIFIED,Edm.String
Product,450,2016-11-27T19:58:35.223Z,SCISSORS, NOT SPECIFIED,Edm.String
Product,452,2016-11-27T19:58:35.452Z,COFFEE MAKERS OR TEAPOTS, NOT SPECIFIED,Edm.String
Product,453,2016-11-27T19:58:35.671Z,CAN OPENERS, NOT SPECIFIED,Edm.String
Product,454,2016-11-27T19:58:35.921Z,NONGLASS DRINKING GLASSES               ,Edm.String
Product,459,2016-11-27T19:58:36.141Z,MANUAL CLEANING EQUIPMENT               ,Edm.String
Product,460,2016-11-27T19:58:36.375Z,METAL COOKWARE (NONELECTRIC),Edm.String
Product,461,2016-11-27T19:58:36.602Z,NONMETAL COOKWARE (NONELECTRIC),Edm.String
Product,462,2016-11-27T19:58:36.836Z,CHAFING DISHES OR FONDUE POTS,Edm.String
Product,463,2016-11-27T19:58:37.053Z,CANDLES, CANDLESTICKS AND OTHER CANDLE HOLDERS,Edm.String
Product,464,2016-11-27T19:58:37.283Z,KNIVES, NOT ELSEWHERE CLASSIFIED,Edm.String
Product,465,2016-11-27T19:58:37.579Z,OTHER COOKWARE,Edm.String
Product,466,2016-11-27T19:58:37.878Z,COOKWARE, NOT SPECIFIED,Edm.String
Product,469,2016-11-27T19:58:38.110Z,SLICERS AND CHOPPERS,Edm.String
Product,471,2016-11-27T19:58:38.330Z,FOOD GRINDERS,Edm.String
Product,474,2016-11-27T19:58:38.612Z,TABLEWARE AND ACCESSORIES,Edm.String
Product,475,2016-11-27T19:58:38.850Z,DRINKING GLASSES, NOT SPECIFIED        ,Edm.String
Product,477,2016-11-27T19:58:39.079Z,THERMOMETERS (EXCLUDING MEDICAL THERMOMETERS),Edm.String
Product,478,2016-11-27T19:58:39.299Z,DRINKING GLASSES,Edm.String
Product,480,2016-11-27T19:58:39.549Z,MANUAL CLEANING EQUIPMENT (EXCL. BUCKETS AND PAILS),Edm.String
Product,4802,2016-11-27T20:01:39.170Z,STRAPS, NON-STRETCH, OTHER, OR NOT SPECIFIED,Edm.String
Product,481,2016-11-27T19:58:39.800Z,BREAD MAKING MACHINES,Edm.String
Product,482,2016-11-27T19:58:40.020Z,APPLIANCES, OTHER AND NOT SPECIFIED,Edm.String
Product,5001,2016-11-27T20:01:39.399Z,OTHER TOY WEAPONS (PROJECTILE),Edm.String
Product,5004,2016-11-27T20:01:39.633Z,TOYS, NOT ELSEWHERE CLASSIFIED,Edm.String
Product,5005,2016-11-27T20:01:39.853Z,RIDING TOYS, NOT SPECIFIED,Edm.String
Product,5006,2016-11-27T20:01:40.081Z,OTHER TOY GUNS,Edm.String
Product,5007,2016-11-27T20:01:40.317Z,TOY WEAPONS, NOT SPECIFIED,Edm.String
Product,5010,2016-11-27T20:01:40.590Z,CRAYONS OR CHALK,Edm.String
Product,5011,2016-11-27T20:01:40.881Z,BOOK BAGS OR BACK CARRIERS (EXC. BABY CARR. LUGGAGE, CAM,Edm.String
Product,5013,2016-11-27T20:01:41.127Z,TOY MAKE-UP KITS OR COSMETICS,Edm.String
Product,5015,2016-11-27T20:01:41.359Z,TOY CAPS, CAP TOYS OR CAP GUNS,Edm.String
Product,5016,2016-11-27T20:01:41.577Z,BALLS, OTHER OR NOT SPECIFIED,Edm.String
Product,5017,2016-11-27T20:01:41.861Z,FLYING DISCS AND BOOMERANGS,Edm.String
Product,5018,2016-11-27T20:01:42.093Z,DOLL HOUSES AND OTHER PLAY SCENES,Edm.String
Product,5019,2016-11-27T20:01:42.316Z,GAMES OR GAME PARTS (EXCL MARBLES & COMPUTER GAMES),Edm.String
Product,5020,2016-11-27T20:01:42.575Z,PRETEND ELECTRONICS, TOOLS, HOUSEWARES & APPLIANCES,Edm.String
Product,5021,2016-11-27T20:01:42.801Z,TOY VEHICLES (EXCLUDING RIDING TOYS),Edm.String
Product,5029,2016-11-27T20:01:43.049Z,CAMPING EQUIPMENT(EXCL. TRAILERS,LIGHTING EQUIP.,SLEEPIN,Edm.String
Product,5030,2016-11-27T20:01:43.286Z,TRACK & FIELD (ACT., APPAREL, EQP.; EX.  JOG, RUN FIT),Edm.String
Product,5031,2016-11-27T20:01:43.511Z,SNOWBOARDING (ACTIVITY, APPAREL OR EQUIPMENT),Edm.String
Product,5032,2016-11-27T20:01:43.733Z,ROLLER HOCKEY (ACTIVITY, APPAREL OR EQUIPMENT),Edm.String
Product,5033,2016-11-27T20:01:43.955Z,MOUNTAIN OR ALL-TERRAIN BICYCLES AND ACCESSORIES,Edm.String
Product,5034,2016-11-27T20:01:44.189Z,SOFTBALL (ACTIVITY, APPAREL OR EQUIPMENT),Edm.String
Product,5035,2016-11-27T20:01:44.422Z,MINIBIKES, POWERED,Edm.String
Product,5036,2016-11-27T20:01:44.650Z,TWO-WHEELED, POWERED, OFF-ROAD VEHICLES (INCL. DIRT BIKE,Edm.String
Product,5037,2016-11-27T20:01:44.879Z,HAMMOCKS,Edm.String
Product,5040,2016-11-27T20:01:45.107Z,BICYCLES AND ACCESSORIES, (EXCL.MOUNTAIN OR ALL-TERRAIN),Edm.String
Product,5041,2016-11-27T20:01:45.346Z,BASEBALL (ACTIVITY, APPAREL OR EQUIPMENT; EXCL SOFTBALL),Edm.String
Product,5042,2016-11-27T20:01:45.579Z,SCOOTERS / SKATEBOARDS, POWERED,Edm.String
Product,5043,2016-11-27T20:01:45.803Z,PORTABLE SWIMMING POOLS,Edm.String
Product,5044,2016-11-27T20:01:46.053Z,UTILITY VEHICLES ,Edm.String
Product,514,2016-11-27T19:58:40.242Z,CERAMICS SUPPLIES OR EQUIPMENT,Edm.String
Product,519,2016-11-27T19:58:40.471Z,TELEVISION TABLES OR STANDS,Edm.String
Product,529,2016-11-27T19:58:40.739Z,TELESCOPES, BINOCULARS, MICROSCOPES, MAGNIFYING GLASSES,Edm.String
Product,530,2016-11-27T19:58:40.959Z,PHONOGRAPH RECORDS,Edm.String
Product,531,2016-11-27T19:58:41.180Z,RECORDING TAPES,Edm.String
Product,532,2016-11-27T19:58:41.403Z,GLASS BOTTLE CUTTING EQUIPMENT,Edm.String
Product,533,2016-11-27T19:58:41.633Z,LAPIDARY EQUIPMENT,Edm.String
Product,536,2016-11-27T19:58:41.853Z,PHOTOGRAPHIC EQUIPMENT,Edm.String
Product,545,2016-11-27T19:58:42.083Z,AMATEUR TWO-WAY RADIOS,Edm.String
Product,546,2016-11-27T19:58:42.314Z,STEREO OR HI-FI COMPONENTS OR ACCESSORIES,Edm.String
Product,547,2016-11-27T19:58:42.531Z,SOUND RECORDING OR RECEIVING EQUIPMENT, NOT SPECIFIED,Edm.String
Product,549,2016-11-27T19:58:42.753Z,PROJECTORS,Edm.String
Product,550,2016-11-27T19:58:42.982Z,TELEPHONES OR TELEPHONE ACCESSORIES,Edm.String
Product,552,2016-11-27T19:58:43.274Z,ANTENNAS, NOT SPECIFIED,Edm.String
Product,555,2016-11-27T19:58:43.501Z,RADIOS (SELF-CONTAINED UNITS),Edm.String
Product,5555,2016-11-27T20:01:46.318Z,< 5 POISONINGS - NO OTHER CODE,Edm.String
Product,556,2016-11-27T19:58:43.721Z,TAPE RECORDERS OR PLAYERS (SELF-CONTAINED UNITS),Edm.String
Product,557,2016-11-27T19:58:43.943Z,COMPUTERS (EQUIPMENT AND ELECTRONIC GAMES),Edm.String
Product,558,2016-11-27T19:58:44.180Z,INDOOR ANTENNAS (SEPARATE),Edm.String
Product,559,2016-11-27T19:58:44.405Z,RADIOS, NOT SPECIFIED,Edm.String
Product,561,2016-11-27T19:58:44.637Z,OUTDOOR ANTENNAS (SEPARATE),Edm.String
Product,562,2016-11-27T19:58:44.897Z,LASER POINTERS,Edm.String
Product,563,2016-11-27T19:58:45.122Z,RECORD PLAYERS (SELF-CONTAINED UNITS),Edm.String
Product,564,2016-11-27T19:58:45.344Z,ART SUPPLIES OR EQUIPMENT,Edm.String
Product,565,2016-11-27T19:58:45.613Z,MUSICAL INSTRUMENTS, ELECTRIC OR BATTERY OPERATED,Edm.String
Product,566,2016-11-27T19:58:45.901Z,MUSICAL INSTRMNTS, NOT ELECT. OR BATTERY OR NOT SPEC.,Edm.String
Product,567,2016-11-27T19:58:46.128Z,COAXIAL CABLE,Edm.String
Product,569,2016-11-27T19:58:46.342Z,ART OR CERAMICS SUPPLIES AND EQUIPMENT (EXCL. PAINTBRUSHES),Edm.String
Product,570,2016-11-27T19:58:46.695Z,MUSICAL INSTRUMENTS                     ,Edm.String
Product,571,2016-11-27T19:58:46.933Z,BUSINESS AND OFFICE MACHINES,Edm.String
Product,572,2016-11-27T19:58:47.160Z,TELEVISIONS,Edm.String
Product,573,2016-11-27T19:58:47.458Z,OTHER SOUND RECORDING, REPRODUCING OR RECEIVING EQUIP.,Edm.String
Product,574,2016-11-27T19:58:47.693Z,REMOTE CONTROL, UNIVERSAL OR NS (EXCL. REMOTES FOR TOYS),Edm.String
Product,601,2016-11-27T19:58:47.999Z,BEDSPRINGS OR BEDFRAMES,Edm.String
Product,604,2016-11-27T19:58:48.251Z,DESKS, CHESTS, BUREAUS OR BUFFETS,Edm.String
Product,606,2016-11-27T19:58:48.490Z,GENERATORS OR POWER PLANTS,Edm.String
Product,609,2016-11-27T19:58:48.715Z,GLASS BATHTUB OR SHOWER ENCLOSURES,Edm.String
Product,610,2016-11-27T19:58:48.948Z,NONGLASS BATHTUB OR SHOWER ENCLOSURES,Edm.String
Product,611,2016-11-27T19:58:49.181Z,BATHTUBS OR SHOWERS,Edm.String
Product,612,2016-11-27T19:58:49.422Z,RUNNERS, THROW RUGS OR DOORMATS,Edm.String
Product,613,2016-11-27T19:58:49.634Z,ROOM-SIZED, WALL-TO-WALL OR OUTDOOR CARPETING,Edm.String
Product,617,2016-11-27T19:58:49.851Z,DRAPERIES, CURTAINS, SHOWER CURTAINS(FABRIC OR PLASTIC),Edm.String
Product,618,2016-11-27T19:58:50.085Z,STEPLADDERS,Edm.String
Product,619,2016-11-27T19:58:50.323Z,STRAIGHT LADDERS,Edm.String
Product,620,2016-11-27T19:58:50.551Z,STEP STOOLS,Edm.String
Product,623,2016-11-27T19:58:50.770Z,BUTANE OR LP GAS METERS,Edm.String
Product,627,2016-11-27T19:58:50.985Z,LIGHT BULBS,Edm.String
Product,628,2016-11-27T19:58:51.224Z,ELECTRIC CHANDELIERS OR OTHER ATTACHED LIGHT FIXTURES,Edm.String
Product,638,2016-11-27T19:58:51.455Z,WINDOW SHADES, VENETIAN BLINDS OR INDOOR SHUTTERS,Edm.String
Product,639,2016-11-27T19:58:51.677Z,FLASHLIGHTS OR BATTERY-POWERED LANTERNS,Edm.String
Product,648,2016-11-27T19:58:51.901Z,SINKS,Edm.String
Product,649,2016-11-27T19:58:52.115Z,TOILETS,Edm.String
Product,650,2016-11-27T19:58:52.329Z,SLIPCOVERS,Edm.String
Product,651,2016-11-27T19:58:52.565Z,TABLE LINENS,Edm.String
Product,652,2016-11-27T19:58:52.780Z,PICTURES, PICTURE FRAMES OR WALL DECORATIONS,Edm.String
Product,653,2016-11-27T19:58:53.003Z,ARTIFICIAL FLOWERS OR PLANTS,Edm.String
Product,654,2016-11-27T19:58:53.234Z,KNICKKNACKS, STATUES, VASES OR URNS,Edm.String
Product,657,2016-11-27T19:58:53.453Z,TOWEL RACKS OR BARS,Edm.String
Product,661,2016-11-27T19:58:53.692Z,BUNK BEDS,Edm.String
Product,662,2016-11-27T19:58:53.929Z,WATERBEDS OR WATER PILLOWS,Edm.String
Product,663,2016-11-27T19:58:54.153Z,FIREPLACE EQUIPMENT,Edm.String
Product,666,2016-11-27T19:58:54.363Z,TOWELS OR CLOTHS,Edm.String
Product,667,2016-11-27T19:58:54.583Z,BEDSPREADS, THROWS OR COMFORTERS,Edm.String
Product,669,2016-11-27T19:58:54.803Z,CLOTHESPINS,Edm.String
Product,670,2016-11-27T19:58:55.016Z,RECLINER CHAIR                          ,Edm.String
Product,671,2016-11-27T19:58:55.239Z,ROCKING CHAIR                           ,Edm.String
Product,672,2016-11-27T19:58:55.457Z,LAUNDRY HAMPERS,Edm.String
Product,676,2016-11-27T19:58:55.793Z,RUGS OR CARPETS, NOT SPECIFIED,Edm.String
Product,679,2016-11-27T19:58:56.043Z,SOFAS, COUCHES, DAVENPORTS, DIVANS OR STUDIO COUCHES,Edm.String
Product,680,2016-11-27T19:58:56.269Z,CONVERTIBLE BEDS, HIDEAWAY BEDS OR SOFA BEDS,Edm.String
Product,684,2016-11-27T19:58:56.499Z,UNATTACHED APPLIANCE OR LAMP CORDS,Edm.String
Product,685,2016-11-27T19:58:56.728Z,EXTENSION CORDS,Edm.String
Product,687,2016-11-27T19:58:56.944Z,BENCHES,Edm.String
Product,688,2016-11-27T19:58:57.174Z,EXTENSION LADDERS,Edm.String
Product,689,2016-11-27T19:58:57.403Z,BLANKETS, NOT SPECIFIED,Edm.String
Product,692,2016-11-27T19:58:57.629Z,MAGAZINE RACKS OR BOOK ENDS,Edm.String
Product,693,2016-11-27T19:58:57.845Z,FOOTLOCKERS,Edm.String
Product,694,2016-11-27T19:58:58.068Z,BEDS, NOT SPECIFIED,Edm.String
Product,698,2016-11-27T19:58:58.300Z,WHIRLPOOLS, HOT TUBS OR HOME SPAS,Edm.String
Product,699,2016-11-27T19:58:58.521Z,FAUCETS OR SPIGOTS,Edm.String
Product,701,2016-11-27T19:58:58.754Z,FIRE EXTINGUISHERS,Edm.String
Product,702,2016-11-27T19:58:58.981Z,FIRE OR SMOKE ALARMS,Edm.String
Product,704,2016-11-27T19:58:59.193Z,BURGLAR ALARMS,Edm.String
Product,706,2016-11-27T19:58:59.407Z,LIGHTNING RODS, ARRESTERS OR OTHER GROUNDING DEVICES,Edm.String
Product,707,2016-11-27T19:58:59.617Z,PADLOCKS, CHAIN LOCKS OR OTHER LOCKS,Edm.String
Product,709,2016-11-27T19:58:59.842Z,SAFES,Edm.String
Product,710,2016-11-27T19:59:00.061Z,ELECTRIC TIMERS,Edm.String
Product,711,2016-11-27T19:59:00.282Z,FIRE ESCAPE DEVICES,Edm.String
Product,712,2016-11-27T19:59:00.505Z,CARBON MONOXIDE DETECTORS,Edm.String
Product,713,2016-11-27T19:59:00.743Z,FIRE SPRINKLERS,Edm.String
Product,803,2016-11-27T19:59:00.963Z,POWER SANDERS,Edm.String
Product,804,2016-11-27T19:59:01.191Z,POWER ROUTERS,Edm.String
Product,805,2016-11-27T19:59:01.422Z,POWER LATHES,Edm.String
Product,807,2016-11-27T19:59:01.639Z,POWER JOINTERS,Edm.String
Product,808,2016-11-27T19:59:01.863Z,POWER SHAPERS,Edm.String
Product,809,2016-11-27T19:59:02.141Z,OTHER PORTABLE OR STATIONARY POWER TOOLS,Edm.String
Product,812,2016-11-27T19:59:02.388Z,ELECTRIC WELDING EQUIPMENT,Edm.String
Product,814,2016-11-27T19:59:02.658Z,HOISTS, LIFTS, JACKS OR JACK STANDS,Edm.String
Product,815,2016-11-27T19:59:02.943Z,ELECTRICAL TESTING EQUIPMENT,Edm.String
Product,819,2016-11-27T19:59:03.169Z,ELECTRIC MOTORS (SEPARATE),Edm.String
Product,820,2016-11-27T19:59:03.407Z,INTERNAL COMBUSTION ENGINES (NONVEHICULAR),Edm.String
Product,821,2016-11-27T19:59:03.636Z,AUTOMOTIVE TOOLS OR ACCESSORIES,Edm.String
Product,822,2016-11-27T19:59:03.893Z,PAINT SPRAYERS                          ,Edm.String
Product,823,2016-11-27T19:59:04.133Z,AIR COMPRESSORS (SEPARATE),Edm.String
Product,827,2016-11-27T19:59:04.393Z,HAMMERS,Edm.String
Product,828,2016-11-27T19:59:04.612Z,SCREWDRIVERS,Edm.String
Product,829,2016-11-27T19:59:04.851Z,MANUAL DRILLS,Edm.String
Product,830,2016-11-27T19:59:05.091Z,HAND SAWS,Edm.String
Product,831,2016-11-27T19:59:05.377Z,FUEL-BURNING WELDING EQUIPMENT,Edm.String
Product,832,2016-11-27T19:59:05.622Z,PORTABLE CIRCULAR POWER SAWS,Edm.String
Product,833,2016-11-27T19:59:05.863Z,WORKSHOP COMPOUNDS OR CHEMICALS,Edm.String
Product,834,2016-11-27T19:59:06.093Z,HEAVY-DUTY WORKSHOP STAPLERS,Edm.String
Product,835,2016-11-27T19:59:06.309Z,TOOLBOXES OR TOOL KITS,Edm.String
Product,836,2016-11-27T19:59:06.535Z,KNIVES WITH REPLACEABLE BLADES,Edm.String
Product,837,2016-11-27T19:59:06.798Z,WIRE, NOT SPECIFIED,Edm.String
Product,841,2016-11-27T19:59:07.017Z,BENCH OR TABLE SAWS,Edm.String
Product,842,2016-11-27T19:59:07.300Z,BAND SAWS,Edm.String
Product,843,2016-11-27T19:59:07.515Z,RADIAL ARM SAWS,Edm.String
Product,844,2016-11-27T19:59:07.768Z,POWER HACK SAWS,Edm.String
Product,845,2016-11-27T19:59:07.987Z,SAWS, NOT SPECIFIED,Edm.String
Product,847,2016-11-27T19:59:08.209Z,DRILLS, NOT SPECIFIED,Edm.String
Product,852,2016-11-27T19:59:08.456Z,ROPE OR STRING,Edm.String
Product,854,2016-11-27T19:59:08.687Z,WORKSHOP FURNISHINGS,Edm.String
Product,855,2016-11-27T19:59:08.908Z,PORTABLE POWER DRILLS AND ACCESSORIES,Edm.String
Product,856,2016-11-27T19:59:09.131Z,STATIONARY POWER DRILLS AND ACCESSORIES,Edm.String
Product,857,2016-11-27T19:59:09.351Z,PLIERS, WIRE CUTTERS OR WRENCHES,Edm.String
Product,858,2016-11-27T19:59:09.598Z,REAMERS,Edm.String
Product,859,2016-11-27T19:59:09.816Z,SOLDERING EQUIPMENT, NOT SPECIFIED,Edm.String
Product,862,2016-11-27T19:59:10.051Z,MANUAL FILING OR SANDING TOOLS,Edm.String
Product,863,2016-11-27T19:59:10.281Z,OTHER POWER SAWS,Edm.String
Product,864,2016-11-27T19:59:10.529Z,SABRE SAWS,Edm.String
Product,865,2016-11-27T19:59:10.762Z,PORTABLE POWER WORKSHOP GRINDERS, BUFFERS, POLISHERS,Edm.String
Product,866,2016-11-27T19:59:10.992Z,ELECTRIC SOLDERING EQUIPMENT,Edm.String
Product,867,2016-11-27T19:59:11.213Z,WELDING EQUIPMENT, NOT SPECIFIED,Edm.String
Product,868,2016-11-27T19:59:11.435Z,NONELECTRIC SOLDERING EQUIPMENT,Edm.String
Product,869,2016-11-27T19:59:11.658Z,GLUE GUNS,Edm.String
Product,870,2016-11-27T19:59:11.879Z,AWLS, CHISELS OR PLANES,Edm.String
Product,871,2016-11-27T19:59:12.112Z,POWER DRILLS OR ACCESSORIES, NOT SPECIFIED,Edm.String
Product,872,2016-11-27T19:59:12.341Z,POWER SAWS, NOT SPECIFIED,Edm.String
Product,873,2016-11-27T19:59:12.605Z,STATIONARY POWER WORKSHOP GRINDERS, BUFFERS, POLISHERS,Edm.String
Product,874,2016-11-27T19:59:12.883Z,CUTTING TORCHES,Edm.String
Product,875,2016-11-27T19:59:13.122Z,JIGSAWS,Edm.String
Product,876,2016-11-27T19:59:13.379Z,POWER WORKSHOP GRINDERS, BUFFERS, POLISHERS, N.S.,Edm.String
Product,877,2016-11-27T19:59:13.601Z,TROUBLE LIGHTS OR EXTENSION WORK LIGHTS,Edm.String
Product,878,2016-11-27T19:59:13.822Z,LEVELS,Edm.String
Product,879,2016-11-27T19:59:14.052Z,VISES OR WORKSHOP CLAMPS,Edm.String
Product,880,2016-11-27T19:59:14.281Z,DRAIN SNAKES,Edm.String
Product,881,2016-11-27T19:59:14.531Z,OTHER MANUAL WORKSHOP TOOLS,Edm.String
Product,882,2016-11-27T19:59:14.799Z,NAIL GUNS OR STUD DRIVERS,Edm.String
Product,883,2016-11-27T19:59:15.044Z,BATTERY CHARGERS,Edm.String
Product,884,2016-11-27T19:59:15.274Z,BATTERIES,Edm.String
Product,885,2016-11-27T19:59:15.503Z,CHAINS, NOT ELSEWHERE CLASSIFIED,Edm.String
Product,886,2016-11-27T19:59:15.745Z,STRETCH CORDS OR STRAPS,Edm.String
Product,887,2016-11-27T19:59:15.964Z,PAINTING EQUIP., POWERED (SPRAYERS, ROLLERS, BRUSHES),Edm.String
Product,888,2016-11-27T19:59:16.207Z,SPRAYERS, NOT ELSEWHERE CLASSIFIED,Edm.String
Product,889,2016-11-27T19:59:16.449Z,BATTERIES, MOTOR VEHICLE                ,Edm.String
Product,890,2016-11-27T19:59:16.773Z,TORCHES, NOT SPECIFIED,Edm.String
Product,891,2016-11-27T19:59:17.007Z,BATTERIES, NOT SPECIFIED                ,Edm.String
Product,892,2016-11-27T19:59:17.241Z,BATTERIES, NON-MOTOR VEHICLE            ,Edm.String
Product,893,2016-11-27T19:59:17.473Z,TOOLS, NOT SPECIFIED,Edm.String
Product,894,2016-11-27T19:59:17.711Z,HACKSAWS                                ,Edm.String
Product,895,2016-11-27T19:59:17.965Z,POWER SAWS, OTHER OR NOT SPECIFIED      ,Edm.String
Product,896,2016-11-27T19:59:18.195Z,WELDING EQUIPMENT                       ,Edm.String
Product,897,2016-11-27T19:59:18.426Z,POWER WORKSHOP GRINDERS, BUFFERS OR POLI,Edm.String
Product,898,2016-11-27T19:59:18.667Z,MANUAL WORKSHOP GRINDERS, BUFFERS OR POL,Edm.String
Product,899,2016-11-27T19:59:18.887Z,WORKSHOP GRINDERS, BUFFERS OR POLISHERS,,Edm.String
Product,904,2016-11-27T19:59:19.111Z,FLOOR WAXES,Edm.String
Product,905,2016-11-27T19:59:19.408Z,FURNITURE POLISHES OR WAXES,Edm.String
Product,908,2016-11-27T19:59:19.640Z,PAINT OR VARNISH THINNERS,Edm.String
Product,909,2016-11-27T19:59:19.861Z,ADHESIVES,Edm.String
Product,910,2016-11-27T19:59:20.084Z,GASOLINE,Edm.String
Product,913,2016-11-27T19:59:20.306Z,LUBRICANTS,Edm.String
Product,914,2016-11-27T19:59:20.530Z,DRY ICE,Edm.String
Product,915,2016-11-27T19:59:20.761Z,METHYL ALCOHOL (SOLVENT),Edm.String
Product,917,2016-11-27T19:59:20.991Z,CHARCOAL,Edm.String
Product,920,2016-11-27T19:59:21.221Z,CAULKING OR SPACKLING COMPOUNDS,Edm.String
Product,921,2016-11-27T19:59:21.443Z,CHEMICALS, NOT ELSEWHERE CLASSIFIED,Edm.String
Product,925,2016-11-27T19:59:21.682Z,PAINTBRUSHES OR ROLLERS, MANUAL,Edm.String
Product,926,2016-11-27T19:59:21.905Z,PHOTOGRAPHIC CHEMICALS,Edm.String
Product,927,2016-11-27T19:59:22.133Z,TAPES (WITH ADHESIVE SURFACES),Edm.String
Product,929,2016-11-27T19:59:22.373Z,DRAIN CLEANERS,Edm.String
Product,930,2016-11-27T19:59:22.602Z,AMMONIA, HOUSEHOLD,Edm.String
Product,931,2016-11-27T19:59:22.821Z,METAL POLISHES, TARNISH REMOVERS OR PREVENTATIVES,Edm.String
Product,932,2016-11-27T19:59:23.039Z,SHOE POLISHES,Edm.String
Product,933,2016-11-27T19:59:23.281Z,TURPENTINE,Edm.String
Product,934,2016-11-27T19:59:23.527Z,DISHWASHER DETERGENTS,Edm.String
Product,936,2016-11-27T19:59:23.746Z,ACIDS,Edm.String
Product,937,2016-11-27T19:59:23.970Z,RUST REMOVERS,Edm.String
Product,938,2016-11-27T19:59:24.205Z,SWIMMING POOL CHEMICALS,Edm.String
Product,940,2016-11-27T19:59:24.433Z,LIGHTER FLUIDS,Edm.String
Product,941,2016-11-27T19:59:24.672Z,FUELS FOR CHAFING DISHES OR FONDUE POTS,Edm.String
Product,942,2016-11-27T19:59:24.908Z,OVEN CLEANERS,Edm.String
Product,945,2016-11-27T19:59:25.141Z,PINE OIL CLEANING AND DISINFECTANT PREPARATIONS,Edm.String
Product,949,2016-11-27T19:59:25.359Z,LAUNDRY SOAPS OR DETERGENTS,Edm.String
Product,951,2016-11-27T19:59:25.591Z,TOILET BOWL PRODUCTS,Edm.String
Product,952,2016-11-27T19:59:25.812Z,FABRIC TREATMENT PRODUCTS,Edm.String
Product,953,2016-11-27T19:59:26.039Z,ABRASIVE CLEANERS,Edm.String
Product,954,2016-11-27T19:59:26.259Z,GENERAL PURPOSE HOUSEHOLD CLEANERS,Edm.String
Product,955,2016-11-27T19:59:26.545Z,AUTOMOTIVE CHEMICALS,Edm.String
Product,956,2016-11-27T19:59:26.763Z,BLEACHES (NONCOSMETIC),Edm.String
Product,957,2016-11-27T19:59:26.985Z,DYES (NONCOSMETIC),Edm.String
Product,958,2016-11-27T19:59:27.214Z,OTHER POLISHES,Edm.String
Product,959,2016-11-27T19:59:27.429Z,POLISHES, NOT SPECIFIED,Edm.String
Product,960,2016-11-27T19:59:27.662Z,PAINTS, VARNISHES OR SHELLACS,Edm.String
Product,961,2016-11-27T19:59:27.880Z,RUST PREVENTATIVES,Edm.String
Product,962,2016-11-27T19:59:28.091Z,DIESEL FUELS,Edm.String
Product,963,2016-11-27T19:59:28.319Z,KEROSENE,Edm.String
Product,964,2016-11-27T19:59:28.535Z,LAMP OILS,Edm.String
Product,965,2016-11-27T19:59:28.768Z,FUEL OILS, NOT SPECIFIED,Edm.String
Product,966,2016-11-27T19:59:28.995Z,ANTIFREEZE,Edm.String
Product,967,2016-11-27T19:59:29.247Z,WINDSHIELD WIPER FLUIDS,Edm.String
Product,968,2016-11-27T19:59:29.459Z,CAUSTICS,Edm.String
Product,969,2016-11-27T19:59:29.671Z,LYE,Edm.String
Product,970,2016-11-27T19:59:29.881Z,WALLPAPER CLEANERS (CHEMICAL),Edm.String
Product,971,2016-11-27T19:59:30.097Z,WALLPAPER STEAMERS,Edm.String
Product,972,2016-11-27T19:59:30.319Z,PAINT OR VARNISH REMOVERS, PAINTBRUSH CLEANERS,Edm.String
Product,973,2016-11-27T19:59:30.552Z,LIQUID ROOM DEODORIZERS OR FRESHENERS,Edm.String
Product,974,2016-11-27T19:59:30.777Z,SOLID ROOM DEODORIZERS OR FRESHENERS,Edm.String
Product,975,2016-11-27T19:59:31.005Z,ROOM DEODORIZERS OR FRESHENERS, NOT SPECIFIED,Edm.String
Product,976,2016-11-27T19:59:31.232Z,DETERGENTS, NOT SPECIFIED,Edm.String
Product,977,2016-11-27T19:59:31.449Z,SPOT REMOVERS OR CLEANING FLUIDS,Edm.String
Product,978,2016-11-27T19:59:31.667Z,AUTOMOTIVE WAXES, POLISHES OR CLEANERS,Edm.String
Product,979,2016-11-27T19:59:31.935Z,DISHWASHING LIQUID,Edm.String
Product,980,2016-11-27T19:59:32.170Z,FUEL STORAGE TANKS,Edm.String
Product,981,2016-11-27T19:59:32.378Z,GASOLINE CANS,Edm.String
Product,982,2016-11-27T19:59:32.611Z,SCHOOL LABORATORY CHEMICALS,Edm.String
Product,983,2016-11-27T19:59:32.823Z,SOAPS (EXCL. LAUNDRY SOAPS OR DETERGENTS),Edm.String
Product,984,2016-11-27T19:59:33.041Z,SOLVENTS, OTHER OR NOT SPECIFIED,Edm.String
Race,0,2016-11-27T19:57:59.253Z,UNKNOWN,Edm.String
Race,1,2016-11-27T19:57:59.490Z,WHITE,Edm.String
Race,2,2016-11-27T19:57:59.723Z,BLACK,Edm.String
Race,3,2016-11-27T19:57:59.945Z,OTHER,Edm.String
